lang,line,reason,text
bho,87,script:INFORMATION,ℹ️ रियल सन टाइम के बारे में जानकारी
bho,91,script:CYRILLIC,🌍 Нहमार अद्भुत दुनिया आ जनसंख्या घड़ी कैलकुलेटर
bho,102,script:INFORMATION,ℹ️ रियल सन टाइम के बारे में जानकारी अंगरेजी
bho,752,script:ARABIC,किला (उर्दू: قلعہ क़िला; संस्कृत: दुर्ग; अंग्रेजी: fort आ fortification) एक किसिम के मलेटरी भवन चाहे ढाँचा होला जे जुद्ध
bho,2082,script:GUJARATI,sexy video odia nora fatehi ki nangi photo मराठी झवाझवी मराठी ww5 ibomma org sexy video tamil full movie हिंदी सेक्सी वी
bho,2840,script:GUJARATI,blue picture xxx kutta ladki ki sexy video हिंदी में भाभी की चुदाई ચોદવા ની વાતો देसी ब्लू फिल्म सेक्सी ब्लू फिल्म चित्र
bho,4572,neardup,"(रामाशंकर कुशवाहा वरिष्ठ पत्रकार हैं, आलेख में लिखे विचार उनके निजी हैं.)"
bho,6512,script:GUJARATI,हिंदी में चुदाई चुदाई छोटी चूत में बड़ा लंड सेक्सी बफ फिल्म xxx 18hot com वीडियो ब्लू फिल्म movierulz com movies downloa
bho,7719,script:GUJARATI,hot mom videos देवर भाभी के सेक्सी पिक्चर brother and sister blue film एक्स एक्स एक्स वीडियो पंजाबी कॉलेज वाली लड़की का 
bho,8794,script:DOGRA,जम्मू (डोगरी: 𑠑𑠢𑠹𑠢𑠰) भारतके जम्मू आउ कश्मीर केन्द्रसासितप्रदेसमे स्थित एगो नगर हे ।
bho,9583,script:GUJARATI,चुदाई के वीडियो mausi ji ki sexy chudai dog xxx video hd muslim ladki chut mein ungli xxxvideo nude video indian bengali
bho,10658,script:GUJARATI,kolkata ff fatafat result today result indian mom xxx सेक्सी पिक्चर बीएफ हिंदी में ब्लू पिक्चर सेक्सी ब्लू पिक्चर सेक्सी
bho,10913,script:GUJARATI,बीपी व्हिडिओ सेक्सी hindi language xxx laxmi bomb full movie download 720p moviesflix desi sex bf सेक्सी बफ विडियो हिंदी
bho,11368,script:GUJARATI,बीपी व्हिडिओ सेक्सी hindi language xxx ibomma telugu movies app download desi sex bf सेक्सी बफ विडियो हिंदी में इंडियन ब
bho,13613,neardup,"(भगवती प्रसाद द्विवेदी वरिष्ठ पत्रकार हैं, आलेख में लिखे विचार उनके निजी हैं.)"
bho,13639,script:GUJARATI,जबरदस्ती की सेक्सी वीडियो desi chudai dikhao bhabhi ki chodai हिंदी में ब्लू पिक्चर भेजो non veg shayari desi boobs xxx 
bho,14580,script:TAMIL,chachi bhatija xxx राजस्थानी भाभी के सेक्सी वीडियो हिंदी पिक्चर ब्लू फिल्म மலையாள செக்ஸ் வீடியோக்கள் एक्स एक्स इंडियन से
bho,15257,script:KAITHI,भोजपुरी ( कैथी: 𑂦𑂷𑂔𑂣𑂴𑂩𑂲 सुनीं) भाषाई परिवार के स्तर प एगो इंडो-आर्य भाषा हीया जवन मूल रूप से भारत के मध्य गंगा के मैदान 
bho,15325,script:MALAYALAM,sasur patoh ka sexy video സണ്ണി ലിയോണ് സെക്സ് വീഡിയോ bangbros girls fucks com 42 in hindi xxx videos sister and brother 
bho,17446,neardup,"(देवकुमार पुखराज वरिष्ठ पत्रकार हैं, आलेख में लिखे विचार उनके निजी हैं.)"
bho,18811,neardup,"(अशोक कुमार शर्मा वरिष्ठ पत्रकार हैं, आलेख में लिखे विचार उनके निजी हैं.)"
bho,19288,script:GUJARATI,ब्लू पिक्चर सेक्सी वीडियो वीडियो बीएफ फिल्म ब्लू xxx videos bf ब्लू सेक्सी इंग्लिश में ह द प क चर ट र पल एक स क्सक्स विड
bho,20054,script:GUJARATI,kamukta com audio devar bhabhi ka bf सेक्सी चुदाई वीडियो एचडी एक्स एक्स एक्स रोमांस वीडियो જાપાની સેક્સ વીડિયો देवर भाभी
bho,20582,script:GUJARATI,लड़की ब्लू फिल्म ત્રીપલ એક્સ એક્સ xxx sexy video sunny leone सनी लियोन सेक्सी ब्लू फिल्म pita ne beti ko choda ullu movi
bho,20831,neardup,"(उमेश चतुर्वेदी वरिष्ठ पत्रकार हैं, आलेख में लिखे विचार उनके निजी हैं.)"
bho,21204,script:GUJARATI,ગુડ મોર્નિંગ ફોટો ladkiyan kaise nahati hai सेक्सी नंगी सीन वीडियो telugu hd video sex चोदा चोदी वीडियो चोदा चोदी वीडियो
bho,22266,script:GUJARATI,ब्लू पिक्चर सेक्सी वीडियो वीडियो बीएफ फिल्म ब्लू xxx videos bf ब्लू सेक्सी इंग्लिश में hot hindisex क्सक्स विडियो हिंदी 
bho,22931,script:ARABIC/BENGALI/GUJARATI/TAMIL/TELUGU,सेक्सी वीडियो फिल्म हिंदी सेक्सी वीडियो फिल्म सेक्सी पिक्चर वीडियो मूवी सेक्सी वीडियो फुल मूवी सेक्सी हिंदी वीडियो फिल्म
bho,22932,script:ARABIC/BENGALI/GUJARATI/TAMIL/TELUGU,सेक्सी फिल्म हिंदी सेक्सी वीडियो फुल मूवी फिल्म सेक्सी सेक्सी वीडियो फिल्म हिंदी सेक्सी फिल्म वीडियो में सेक्सी इंग्लिश 
bho,22933,script:ARABIC/BENGALI/GUJARATI/TAMIL/TELUGU,સેક્સ વિડીયો सेक्सी वीडियो फिल्म सेक्सी मूवी हिंदी फुल सेक्सी फिल्म वीडियो हिंदी सेक्सी फिल्म फुल मूवी पिक्चर सेक्सी सेक
bho,22934,script:ARABIC/BENGALI/GUJARATI/TAMIL/TELUGU,सेक्सी सेक्सी वीडियो सेक्सी वीडियो फुल मूवी हिंदी सेक्सी फिल्म સેક્સ મૂવી फिल्म सेक्सी अश्लील ट्यूब हिंदी सेक्सी मूवी वी
bho,22935,script:ARABIC/BENGALI/GUJARATI/TAMIL/TELUGU,सेक्सी वीडियो फिल्म हिंदी सेक्सी वीडियो फिल्म গরম xxx सेक्सी पिक्चर वीडियो मूवी सेक्सी हिंदी वीडियो फिल्म सेक्सी मूवी से
bho,22936,script:ARABIC/BENGALI/GUJARATI/TAMIL/TELUGU,सेक्सी वीडियो फिल्म हिंदी सेक्सी फिल्म हिंदी फिल्म सेक्सी செக்ஸ் வீடியோ தமிழ் हिंदी सेक्स फिल्म वीडियो सेक्सी फिल्म वीडि
bho,22937,script:ARABIC/BENGALI/GUJARATI/TAMIL/TELUGU,हॉट सेक्सी वीडियो हिंदी में सेक्सी फिल्म গরম xxx हिंदी फिल्म सेक्सी सेक्सी फिल्म सेक्सी फिल्म સેક્સી વિડિઓ फिल्म सेक्सी 
bho,22938,script:ARABIC/BENGALI/GUJARATI/TAMIL/TELUGU,सेक्सी हिंदी पिक्चर फिल्म सेक्सी मूवी सेक्सी फिल्म सेक्सी फिल्म सेक्सी वीडियो हिंदी में सेक्सी फुल मूवी सेक्सी फिल्म फुल
bho,22939,script:ARABIC/BENGALI/GUJARATI/TAMIL/TELUGU,सेक्सी वीडियो फिल्म हिंदी গরম xxx فيلم جنس सेक्सी वीडियो फुल मूवी ગુજરાતી પોર્ન सेक्सी फिल्में सेक्सी फिल्म वीडियो सेक्स
bho,24687,neardup,"(लेखक वरिष्ठ संपादक, स्तंभकार अउर पूर्व सांसद हईं।)"
bho,25954,script:GUJARATI,लड़की ब्लू फिल्म ત્રીપલ એક્સ એક્સ xxx sexy video sunny leone सनी लियोन सेक्सी ब्लू फिल्म pita ne beti ko choda ullu movi
bho,26322,script:GUJARATI,सपना चौधरी के सेक्सी वीडियो એક્સ એન ડબલ એક્સ pornstar porn videos भाई और बहन का सेक्सी वीडियो हिंदी में sunny leone xxx 
bho,26323,script:BENGALI,desi sexy chudai video সেক্স ভিডিও বাংলা बीएफ सेक्सी वीडियो गाना वाली hot hindi xxx सुहागरात की सेक्सी मूवी नंगी वीडियो 
bho,28830,script:BENGALI/GUJARATI/KANNADA/TAMIL/TELUGU,தமிழ் செக்ஸ் வீடியோ सेक्सी फिल्म हिंदी में செக்ஸ் வீடியோ বাংলা xxx video सेक्सी पिक्चर हिंदी में हिंदी सेक्सी फिल्म फिल्
bho,28831,script:BENGALI/GUJARATI/KANNADA/TAMIL/TELUGU,సెక్స్ వీడియో বাংলা xxx પોર્ન મૂવી सेक्सी पिक्चर हिंदी में સેક્સ ક્લિપ सेक्स फिल्म मूवी সেক্স ভিডিও हिंदी सेक्सी वीडियो 
bho,28832,script:BENGALI/GUJARATI/KANNADA/TAMIL/TELUGU,सेक्सी वीडियो फिल्म पोर्न वीडियो सेक्सी पिक्चर हिंदी में फिल्म सेक्सी वीडियो फिल्म सेक्सी फिल्म पोर्न सेक्स ગુદા સેક્સ વ
bho,28833,script:BENGALI/GUJARATI/KANNADA/TAMIL/TELUGU,सेक्सी पिक्चर हिंदी में सेक्सी वीडियो फिल्म सेक्सी मूवी हिंदी वीडियो सेक्सी हिंदी पिक्चर फिल्म फिल्म सेक्सी वीडियो पोर्न
bho,28834,script:BENGALI/GUJARATI/KANNADA/TAMIL/TELUGU,இலவச செக்ஸ் வீடியோ सेक्सी हिंदी मूवी सेक्सी बीपी सेक्स फिल्म ஆபாச திரைப்படம் सेक्सी मूवी फुल हिंदी સેકસી બીપી વીડીયો अश्
bho,28835,script:BENGALI/GUJARATI/KANNADA/TAMIL/TELUGU,हिंदी मूवी सेक्स செக்ஸ் வீடியோ தமிழ் இளம் பெண் செக்ஸ் हिंदी फिल्म मूवी सेक्सी वीडियो मूवी सेक्सी सेक्सी इंग्लिश मूवी सेक
bho,28836,script:BENGALI/GUJARATI/KANNADA/TAMIL/TELUGU,सेक्सी पिक्चर हिंदी में पोर्न वीडियो फिल्म सेक्सी वीडियो हिंदी सेक्स फिल्म वीडियो फिल्म सेक्सी फिल्म ગુદા સેક્સ વિડિયો स
bho,28837,script:BENGALI/GUJARATI/KANNADA/TAMIL/TELUGU,இலவச செக்ஸ் வீடியோ सेक्सी हिंदी मूवी सेक्सी સેક્સ सेक्स मूवी इंग्लिश फिल्म ஆபாச திரைப்படம் સેકસી બીપી વીડીયો हिंदी सेक्स
bho,28838,script:ARABIC/BENGALI/GUJARATI/KANNADA/TAMIL/TELUGU,सेक्सी वीडियो फिल्म సెక్స్ వీడియో தமிழ் செக்ஸ் வீடியோ सेक्सी फिल्म सेक्सी फिल्म सेक्सी पिक्चर हिंदी में سوپر هندی সেক্সি
bho,28839,script:BENGALI/GUJARATI/KANNADA/TAMIL/TELUGU,सेक्सी पिक्चर हिंदी में సెక్స్ వీడియో પોર્ન મૂવી फिल्म सेक्सी फिल्म સેક્સ ક્લિપ सेक्स फिल्म मूवी সেক্স ভিডিও বাংলা xxx स
bho,28840,script:BENGALI/GUJARATI/KANNADA/TAMIL,सेक्सी हिंदी वीडियो फिल्म हिंदी सेक्सी फिल्म फिल्म सेक्सी फिल्म सेक्सी वीडियो हिंदी में বাংলা xxx video செக்ஸ் வீடியோ से
bho,28841,script:BENGALI/GUJARATI/KANNADA/TAMIL,सेक्सी वीडियो फिल्म सेक्सी फिल्में हिंदी सेक्सी वीडियो हॉट सेक्सी वीडियो सेक्सी फिल्में ஆபாச திரைப்படங்கள் পর্ন তারকা से
bho,28842,script:BENGALI/GUJARATI/KANNADA/TAMIL/TELUGU,सेक्सी पिक्चर हिंदी में फिल्म सेक्सी वीडियो हिंदी फिल्म सेक्सी सेक्सी फिल्म हिंदी में हिंदी सेक्स फिल्म वीडियो ગુદા સેક્
bho,28843,script:BENGALI/GUJARATI/KANNADA/TAMIL/TELUGU,సెక్స్ వీడియో सेक्सी पिक्चर हिंदी में પોર્ન મૂવી বাংলা xxx સેક્સ ક્લિપ सेक्स फिल्म मूवी সেক্স ভিডিও फिल्म सेक्सी फिल्म स
bho,28844,script:ARABIC/BENGALI/GUJARATI/KANNADA/TAMIL/TELUGU,सेक्सी हिंदी फिल्म वीडियो सेक्सी फिल्म सेक्सी वीडियो સેક્સ વિડીયો इंग्लिश मूवी सेक्सी मूवी ஆபாச திரைப்படம் ગુદા સેક્સ વિ
bho,28845,script:BENGALI/GUJARATI/KANNADA/TAMIL/TELUGU,सेक्सी वीडियो फिल्म सेक्सी फिल्में காமம் ગુદા સેક્સ વિડિયો தமிழ் செக்ஸ் வீடியோ ஆபாச திரைப்படங்கள் xx वीडियो सेक्सी फिल्म
bho,28846,script:ARABIC/BENGALI/GUJARATI/KANNADA/TAMIL/TELUGU,सेक्सी पिक्चर हिंदी में সেক্সি ভিডিও सेक्सी वीडियो फिल्म सेक्सी मूवी वीडियो में ভারতীয় সেক্সি ভিডিও सेक्सी मूवी हिंदी व
bho,28847,script:BENGALI/GUJARATI/KANNADA/TAMIL/TELUGU,सेक्सी वीडियो फिल्म पोर्न वीडियो पोर्न सेक्स हिंदी सेक्स फिल्म वीडियो हिंदी फिल्म सेक्सी फिल्म सेक्सी वीडियो ગુદા સેક્સ 
bho,29359,script:TELUGU,तेलुगु (తెలుగు) एगो द्राबिड़ीयभासा हे जे मुख्यरूप से आन्ध्रपरदेस आउ तेलङ्गाना तेलुगु राज्जमे रहेवाला तेलुगु जनद्वारा बोल
bho,30458,script:GUJARATI,ટ્રેન નો સમય sexy film bhej do ब्लू सेक्सी हिंदी वीडियो bengali xx video com सनी लियोन की बीएफ पिक्चर damad ne saas ko c
bho,33280,script:GUJARATI,सेक्स हिंदी में ब्लू फिल्म नंगी पिक्चर फिल्म हिंदी सेक्स बफ सेक्स ब्लू वीडियो ब्लू वीडियो मोटी औरत की बीएफ dubai sexy vi
bho,34822,script:TAMIL,"— सौम्या சௌமியா (Modi's family) (@sowmiyasid) March 29, 2024"
bho,35767,neardup,"(विनय बिहारी सिंह वरिष्ठ पत्रकार हैं, आलेख में लिखे विचार उनके निजी हैं.)"
bho,36020,script:CJK,मृतक एगो राजमिस्त्री के संगे मजदूर के काम करत रहल हऽ आ बेहद ही गरीब रहल ह屧ऽ।
bho,37329,script:MODIFIER,"कैक्टस पौधा परिवार कैक्टेसीए चाहे कैक्टेसी (/kæˈkteɪsiaɪ, -siːiː/) के सदस्य हवे।"
bho,37331,script:GREEK,"कैक्टस शब्द वाया लैटिन भाषा, प्राचीन यूनानी शब्द κάκτος (káktos) से बनल बाटे, ई नाँव मूल रूप से थियोफ्रास्टस द्वारा एगो "
bho,38497,script:GUJARATI/TAMIL,हिंदी देसी सेक्सी बीएफ સેકસી વીડીયો ચાલુ प ल स व ल क स क स डॉक्टर एक्स वीडियो பெண்கள் குளிக்கும் வீடியோ alia bhatt ki na
bho,40952,neardup,– डॉ॰ उमेशजी ओझा एगो छोटहन गांव में दीपक अपना धर्मपत्नी सुरभी आ एगो 14 बरीस के बेटा विशाल के साथे रहत रहले.
bho,41704,script:GUJARATI,indian porn xx hinde sex video बीएफ सेक्सी ब्लू फिल्म वीडियो blue film dikhao blue film dikhao સેક્સ વીડીયો ઓપન sex movi
bho,42763,script:CYRILLIC,LETSDOEIT - सेक्सी मूवी सेक्सी मूवी हिंदी колумбийский подросток выбрал с улицы для некоторого траха
bho,44285,neardup,"(लेखक वरिष्ठ संपादक, स्तंभकार अउर पूर्व सांसद हईं)"
bho,44442,neardup,कम बजट में शुरु करे अपना इडली सांभर बिज़नेस स्टेप by स्टेप जानकारी | Idli sambar center business step by step.
bho,47079,script:GUJARATI,મરાઠી સેક્સ વીડિયો narappa movie download movierulz एक्स एक्स ई सेक्सी बीपी शॉट वीडियो में सेक्सी बीएफ xxx hindi full hd
bho,47080,script:GUJARATI,देसी गर्ल की चुदाई વેસ્ટન ડીઝ સેકસી વીડિયો सेक्सी वीडियो छोड़ने वाली boobs press video सेक्सी वीडियो सेक्स वीडियो desi a
bho,49563,script:GUJARATI,sexy video dehati hd free poen videos xxx hindi aanti xxx 2023 film janwar ki chudai hands on boobs जीजा साली की ब्लू फि
bho,50246,script:GUJARATI,blue picture xxx kutta ladki ki sexy video हिंदी में भाभी की चुदाई ચોદવા ની વાતો देसी ब्लू फिल्म सेक्सी ब्लू फिल्म चित्र
bho,50948,script:GUJARATI,हिंदी सेक्सी फिल्म चुदाई वाली aunty ke sath sex video देवर भाभी की चुदाई सेक्सी वीडियो sexy video condom blue nangi film
bho,51300,neardup,"(शशिकांत मिश्र वरिष्ठ पत्रकार हैं, आलेख में लिखे विचार उनके निजी हैं.)"
bho,53465,script:BENGALI/GUJARATI,लड़की को खेत में चोदा ब ल प क चर फ ल म ब ल प क चर हिंदी बीपी शॉट katrina kaif xxx hd video indian desi girl xxx મારવાડી 
bho,53466,script:GUJARATI,हिन्दी पिक्चर बफ ब ल प क चर फ ल म ब ल प क चर hindi blue sexy picture ब्लू फिल्म भेजो हिंदी में हॉट बीएफ सेक्सी एक्स एक्स
bho,53546,script:BENGALI/GUJARATI,ब्लू हिंदी पिक्चर sexy hd video sexy hd video sasur aur bahu ki bf सेक्स वीडियो देवर भाभी के साथ mms porn india મુંબઈ સે
bho,53825,script:GUJARATI,hot mom videos देवर भाभी के सेक्सी पिक्चर brother and sister blue film एक्स एक्स एक्स वीडियो पंजाबी कॉलेज वाली लड़की का 
bho,53826,script:BENGALI/GUJARATI,देसी सेक्स विडिओ फुल सेक्सी बीएफ हिंदी में बिहार का बीएफ મામા ના ફોટા वीडियो बीएफ सेक्सी हिंदी में hot japanese नंगी पिक
bho,54508,script:GUJARATI,ववव अंतर्वासना कॉम sunny leone por દેશી બીપી પિક્ચર sexi aunti नेपाल के बीएफ got sexy video કરીના કપૂર ના સેકસી વીડિયો ब
bho,54705,neardup,एही से कहल गइल बा कि नेता तीन तरह के होले.
bho,60390,script:GUJARATI,સેક્સ સેક્સ સેક્સ વીડિયો इंग्लिश सेक्सी ब्लू वीडियो सेक्सी ब्लू वीडियो हिंदी में bhai bhan sexy aunty ki chodai देसी सेक
bho,60391,script:KANNADA,pg in bangalore for male ತೆಲುಗು ಸೆಕ್ಸ್ ಕಮ್ डब्ल्यू डब्ल्यू डॉट कॉम बीएफ ब्लू पिक्चर वीडियो में हिंदी में choda chodi eng
bho,60821,script:MODIFIER,क्रीमिया चाहे क्राइमिया (अंग्रेजी: Crimea/kraɪˈmiːə/ (सुनल जाय)kry-MEE-ə) पूरबी यूरोप में काला सागर के उत्तरी माथ पर एगो
bho,61033,script:BENGALI,wwe xxx com bad masti com नंगा सेक्सी वीडियो miya khalifa hd बीएफ सेक्सी हिंदी बीएफ सेक्सी ब्लू वीडियो में hindi sexy bl
bho,61809,script:GUJARATI,મરાઠી સેક્સ વીડિયો fatafat satta result एक्स एक्स ई सेक्सी बीपी शॉट वीडियो में सेक्सी बीएफ xxx hindi full hd ब्लू सेक्सी
bho,62837,script:GUJARATI,सपना चौधरी के सेक्सी वीडियो એક્સ એન ડબલ એક્સ pornstar porn videos भाई और बहन का सेक्सी वीडियो हिंदी में sunny leone xxx 
bho,65345,script:GUJARATI,x video hindi com ह द म च द ई क प क चर moti gand wali sexy jeth ne bahu ko choda tamil sex vedios chuda chudi bangla chu
bho,67050,script:TAMIL,aunty boobs xnxx xxx hindi video com xnxx tamil village roshni mallu www hindi xxx video नंगी फिल्म वीडियो में hd stream
bho,67051,script:GUJARATI,hindi pron video સેકસી વિડિયો ગુજરાતી bf sexy download एक्स एक्स बीएफ सेक्सी वीडियो roshni mallu xxx opan video hd porn 
bho,67817,script:GUJARATI,desi lady xxx i bomm devar aur bhabhi ki sexy video ब्लू सेक्सी दिखाओ ब्लू सेक्सी ब्लू फिल्म चोदने वाली all ladies do it
bho,68114,script:TAMIL,ladkiyon ki photo घर की चुदाई ब्लू पिक्चर सेक्सी वीडियो दिखाइए सनी लियोन के पोर्न वीडियो लड़की की चुदाई चुदाई चुदाई blue
bho,68693,script:GUJARATI,देसी आंटी की सेक्सी ब्लू पिक्चर इंडियन વાનગીઓના ફોટા બતાડો चूत दिखाओ चूत ब्लू फिल्म गंदी xxx com hd video hindi इंग्लिश 
bho,69072,script:GREEK,नापजोख के मीटरी सिस्टम में माइक्रोग्राम (अंगरेजी: microgram भा maicrogramme; चीन्हा μg या अमेरिका में मेडिकल जानकारी देत
bho,69073,script:GREEK,"इन्टरनेशन इकाई सिस्टम में एकर चीन्हा μg आ एह में प्रयोग होखे वाला पहिला अच्छर μ एगो यूनानी अच्छर हवे जेकरा के ""म्यू"" पढ़"
bho,69593,neardup,एह धमाकन के जिम्मेदारी सुन्नी आतंकी संगठन इस्लामिक स्टेट सकार लिहले बावे.
bho,72463,script:BENGALI/GUJARATI,ब्लू हिंदी पिक्चर sexy hd video sexy hd video sasur aur bahu ki bf सेक्स वीडियो देवर भाभी के साथ mms porn india મુંબઈ સે
bho,72606,script:GUJARATI,hindi me xxx સેકસી ક્રાઈમ બ્રાન્ચ 20231 chachikichut ki picture who is the sexiest pornstar सेक्सी चोदने वाली सेक्सी bho
bho,73353,script:GUJARATI,xxx sexy photo college girl mms seksividiohindi इंग्लिश बीएफ दिखाइए video mein blue film बीपी सेक्सी एचडी वीडियो ब्लू फि
bho,75048,script:CJK,सुखले गरई ना मारी केहु लगी न आन्ह र हाथ बटेर厝॥
bho,76344,neardup,संसद भवन में लगावल गाँधी जी के प्रतिमा के मूर्तिकार रामसुतार से एह मूर्ति के बनवा लिहल गइल बा बाकिर पेडेस्टल तइयार ना हो
bho,77466,script:GUJARATI,china sexy videos સુહાગરાત નો વીડીયો इंडियन एक्स एक्स एक्स एचडी इंडियन भाभी के सेक्सी वीडियो gaon ki ladkiyon ki nangi p
bho,78844,script:BENGALI,देसी लड़की की ब्लू फिल्म hindi bf sexy video hindi mom and son on bed नेपाली चुदाई वीडियो चोदने के तरीके ब्लू पिक्चर बता
bho,78845,script:GUJARATI,hindi hot bf સેકસી પીચર whatsapp status2 xxx videos marathi देसी रंडी सेक्स वीडियो मम म क च द ह न द देवर भाभी के बीएफ वी
bho,79339,script:BENGALI,japanese xv pooja hegde sexy hindi sexy video com सविता भाभी की सेक्सी पिक्चर সাউথ ইন্ডিয়ান সেক্স ভিডিও सेक्स हिंदी में
bho,79656,script:MATHEMATICAL,4 अगस्त 2020 के लेबनान के बेरूत बंदरगाह में अनिश्चित रूप से संग्रहीत लगभग 2750 मीट्रिक टन अमोनियम नाइट्रेट के कैश में आग
bho,80126,script:GUJARATI,www tamil xxx pakistani porn video हिंदी सेक्सी वीडियो चोदने वाला सी पिक्चर बीएफ बीएफ वीडियो इंडियन ભાઈ બહેન xxx sexy pi
bho,81065,script:TAMIL,वीडियो हिंदी बीएफ anty sexy video एचडी वीडियो सेक्सी बीएफ नंगी चुदाई पिक्चर इंग्लिश सेक्स ब्लू பிஎஃப் செக்ஸி வீடியோ देसी
bho,83802,script:GUJARATI,સેક્સ સેક્સ સેક્સ વીડિયો इंग्लिश सेक्सी ब्लू वीडियो सेक्सी ब्लू वीडियो हिंदी में bhai bhan sexy aunty ki chodai देसी सेक
bho,83803,script:KANNADA,pg in bangalore for male ತೆಲುಗು ಸೆಕ್ಸ್ ಕಮ್ डब्ल्यू डब्ल्यू डॉट कॉम बीएफ ब्लू पिक्चर वीडियो में हिंदी में choda chodi eng
bho,84186,neardup,"(संजय शास्वत वरिष्ठ पत्रकार हैं, आलेख में लिखे विचार उनके निजी हैं.)"
bho,85055,neardup,"– डॉ॰ उमेशजी ओझा रउरा मानी चाहे ना मानी, बाकिर धोखाघड़ी, ठगी आ एक दोसरा के टॉग खींचे के जमाना में ईमानदारी के मजे मजा बा"
bho,85056,neardup,"रउरा सभे के हमार बात अटपटा लागत होई, हमरा के पागल आ सनकी समझत होखब, कि कलयुग आ भ्रष्टाचार के जुग में अईसन कहे"
bho,85062,neardup,"– डॉ॰ उमेशजी ओझा अरे ए रबिन्दरा, आपन दिमाग ठीक राख, जमीन प रहेके सीख, हवा में मत उड़."
bho,85063,neardup,"ढेरी लईकी देखि के छोड़ छाड़ मत कर, भगवान सब देखत"
bho,87037,script:GREEK,"ई एगो अइसन थलरूप हवे जेकर आकृति टिपिकल त्रिभुज, मने कि, यूनानी भाषा के अच्छर डेल्टा (Δ) नियर होले आ नील नदी के डेल्टा के"
bho,87113,script:GUJARATI,एक्स एक्स वीडियो सेक्स xnxx priyanka गुजराती बीपी सेक्सी अरे ब्लू फिल्म દિવાળી ની શાયરી sex kaise hota hai भोजपुरी में स
bho,87392,script:GUJARATI,बीएफ फिल्म बीएफ फिल्म हिंदी चोदा चोदी वीडियो ત્રીપલ એક્સ એક્સ इंडियन भाभी सेक्स वीडियो bahan aur bhai ki chudai xxx vide
bho,87477,script:CYRILLIC,"Porn कमबख्त एक सेक्सी लड़की एलेक्सा टॉमस पर BaDoinkVR com पर नि: शुल्क अश्लील साइट है, घर के नि: शुल्क Мастурбация अश्ली"
bho,90690,script:GUJARATI,सपना चौधरी के सेक्सी वीडियो એક્સ એન ડબલ એક્સ pornstar porn videos भाई और बहन का सेक्सी वीडियो हिंदी में sunny leone xxx 
bho,91005,script:GUJARATI,एक्स बीपी सेक्सी સેક્સ સેક્સ વીડિયો द वर भ भ च द ई व ड य xxx chines hd फुल बीपी वीडियो sauth hindi ki xxx photo साड़ी वा
bho,92295,script:GUJARATI,मौसी की चुदाई वीडियो में full hd pron video download ऐक्स ऐक्स ऐन ऐक्स सेक्सी वीडियो बीपी ओपन ભાઈ બહેન કી ચૂદાઈ साड़ी वा
bho,92296,script:KANNADA,सेक्सी वीडियो देसी गांव की indian porn videos hd foreplay kya hota hai सेक्सी पिक्चर पाठवा telugu moviezwap org ತಮಿಳು ಸೆ
bho,95636,script:GUJARATI,satta king gali record 2023 desi randi ki chudai video hd porn movies free download चुत की चुदाई dog xxx video chudai vi
bho,95637,script:KANNADA,hindi xxx audio ब्लू पिक्चर फिल्म सेक्सी सेक्सी हिंदी में ब्लू पिक्चर बीपी पिक्चर बीपी पिक्चर बीपी पिक्चर बीपी पिक्चर ಬಿ
bho,96747,script:CJK,उहवाँ डारि दिहल हथियार厝 ॥
bho,96781,script:CJK,देखि चाँदनी चार दिनन की दिहले निज विवेक भुलवाइ巸॥
bho,97832,neardup,|ई बनस्पति बिज्ञान से संबंधित लेख एगो आधार बाटे।
bho,98208,script:BENGALI/GUJARATI/KANNADA,हिंदी में सेक्सी बीएफ मूवी punjabi sexy video full hd ಕನ್ನಡ ಬ್ಲೂ ಫಿಲಂ bengali chuda chudi video नेकेड सेक्सी वीडियो বিপি
bho,98209,script:GUJARATI,गांव की चुदाई का वीडियो સેક્સ ફીલ્મ વીડીયો वीडियो से चुदाई brother and sister xxx hd video filmyzilla network sexy pron 
bho,101715,script:GUJARATI,ब्लू पिक्चर हिंदी वीडियो में ब्लू फिल्म हिंदी में देहाती patla hone ke liye kya karna chahie xxx hinde bf mom sex xxx ई 
bho,101810,script:GUJARATI,ઘોડા સેક્સ વીડિયો bade bade land ghoda ki bf म ब ट क स क स फ ल म ह द म डब्लू डब्लू डॉट कॉम सेक्स व्हिडीओ latest desi por
bho,102125,script:GUJARATI,desi lady xxx x hamster live in devar aur bhabhi ki sexy video ब्लू सेक्सी दिखाओ ब्लू सेक्सी ब्लू फिल्म चोदने वाली all l
bho,102126,script:GUJARATI,विदेशी बीएफ वीडियो સેકસી વીડિયો બીપી પિક્ચર ब्लू पिक्चर इंग्लिश ब्लू पिक्चर ullu watch online बीएफ सनी लियोन का बहन के स
bho,104696,script:BENGALI,सुरमा नदी (बंगाली: সুরমা নদী) गंगा-ब्रह्मपुत्र थाला के एगो प्रमुख नदी बाटे जवन बांग्लादेश में बहे ले।
bho,106415,script:TAMIL,புதிய செக்ஸ் வீடியோ प्रियंका चोपड़ा की सेक्सी फोटो bhabhi ke sath jabardasti bangladesh sex video cum4k okxxx एक्सएक्सएक
bho,108579,script:GUJARATI/TAMIL,ફુલ સેક્સ મૂવી sexy movie full hd hindi chudai kahaniya मारवाड़ी सेक्सी वीडियो बीएफ chhoti chhoti ladkiyon ki chut सेक्स
bho,108835,script:GUJARATI,sexy bhabhi ki gand aunty ki sexy movie एक्स एक्स एक्स फोटो bhabhi ki chudai video hindi chudai ka video ડાઉનલોડ સેકસી વ
bho,108906,script:ARABIC/BENGALI/GUJARATI/TAMIL/TELUGU,सेक्सी पिक्चर हिंदी में हिंदी फिल्म मूवी सेक्सी सेक्सी फिल्म सेक्सी फिल्म सेक्सी फिल्म सेक्सी फिल्म सेक्सी फिल्म ఇండియన్
bho,108907,script:ARABIC/BENGALI/GUJARATI/TAMIL/TELUGU,সেক্স ভিডিও पोर्न सेक्स हिंदी सेक्सी फिल्म हिंदी सेक्सी फिल्म सेक्सी फिल्म दिखाएं सेक्सी फिल्म हिंदी में हिंदी फिल्म सेक
bho,110456,neardup+script:BENGALI,सेक्सी वीडियो सेक्सी वीडियो चोदा चोदी ब्लू सेक्सी हिंदी ब्लू सेक्सी desi bhabhi mms হিন্দি সেক্স ভিডিও देसी सेक्सी हिंदी
bho,112106,script:TAMIL,chachi bhatija xxx राजस्थानी भाभी के सेक्सी वीडियो हिंदी पिक्चर ब्लू फिल्म மலையாள செக்ஸ் வீடியோக்கள் एक्स एक्स इंडियन से
bho,113236,script:GUJARATI,गांव की एक्स एक्स एक्स xxx com dog सेक्सी पिक्चर हिंदी में बीएफ morning sex video taboo full movies bf sexy bf sexy bf स
bho,113237,script:GUJARATI,indian 18 hot sexy photos गाना वाली सेक्सी डॉट कॉम xxx marathi videos बीएफ वीडियो बीएफ वीडियो xxx family com साड़ी वाली 
bho,113468,script:GUJARATI,एक्स एक्स एक्स सनी live x video xxx hd hot video ladkon ladkon ki फिल्म हिंदी में ब्लू बीएफ सेक्सी वीडियो इंडियन सेक्सी 
bho,115993,neardup,कवनो टीवी चैनल के भासा उधार ले लीं त ई कहल जा सकेला कि पूरा मुल्के में सनसनी बा.
bho,115995,neardup,एगो टीवी चैनल एही मसला पर पूरा एक घंटा के रपट परोस दिहलसि कि – प्रियंका चोपड़ा अपना से बारह बरीस छोट दुलहा से बिआह करे ज
bho,115998,neardup,काहे एह फेरा में पड़ल बाड़ कि 12 बरीस छोट ह कि बड़.
bho,115999,neardup,प्रियंका-प्रोग्राम के रिपोर्टर हमरा के एगो बरियार जबाब देके चुप करा दिहलसि कि छोट बड़ बाढ़ त हर साल आवत रहेले.
bho,116000,neardup,बाकिर प्रियंका के बिआह त एके बेर होखी.
bho,116001,neardup,उनुकर बिआह एही चलते आजु के सबले बड़का इवेन्ट बावे.
bho,116002,neardup,आ ई कहि के उ रिपोर्टर फेर एह शोध में बिजी हो गइल कि प्रियंका चोपड़ा के होखेवाला पति उनुका से कतना छोट हउवे.
bho,116006,neardup,पढ़-लिख के के नौकरी काहे करे के बा ?
bho,116008,neardup,जवना आंटी लोग के आपने बिआह बड़ फजीहत से भइल रहुवे उहो लोग एही में परेशान रहेली लोग कि अपना कुटुम्ब-परिवार के फलाना लड़िक
bho,116013,neardup,बिआह-प्रधान मुल्क में सब कुछ बिआहे पर शुरु होला आ बिआहे पर खतम.
bho,116018,neardup,एगो चैनल के चीफ अपना रिपोर्टर से पूछत बा कि एहमें नाग-नागिन के डाँस वाला एंगल डालल जा सकेला कि ना ?
bho,116021,neardup,ऊ चैनल चीफ चहक के बोलल – चलीं अब रउरो कन्फर्म कर दिहनी कि ई बेहूदा आइडिया बा.
bho,116023,neardup,हम त टेंशन में तब आइलें जब कार्यक्रम के केहू सउरदार बता देला.
bho,116024,neardup,प्रियंका चोपड़ा के बिआह बहुते बड़ खबर बा.
bho,116026,neardup,देखतानी एगो चैनल पर ब्रेकिंग न्यूज आ रहल बा – सबले पहिले हम बताएब कि प्रियंका अपना बिआह वाला लहँगा कवना दोकान से खरीदिहे
bho,116029,neardup,आईं पूरा धीरज आ संयम सें प्रियंका चोपड़ा के बिआह होखे तकले इंतजार कइल जाव.
bho,116345,script:BENGALI/GUJARATI/TAMIL,Phim XXX पोर्न वीडियो हिंदी सेक्सी वीडियो ગુજરાતી પોર્ન फिल्म सेक्सी বাংলা xxx सेक्सी वीडियो फिल्म सेक्सी मूवी फुल हिंदी
bho,116346,script:ARABIC/BENGALI/GUJARATI/TAMIL,காம வீடியோ एचडी मूवी सेक्सी सेक्सी व्हिडिओ इंग्लिश सेक्सी मूवी इंग्लिश सेक्सी मूवी सेक्सी हिंदी फिल्म वीडियो एक्सएक्सएक्
bho,116347,script:BENGALI/GUJARATI/TAMIL,Phim XXX पोर्न वीडियो हिंदी सेक्सी वीडियो ગુજરાતી પોર્ન फिल्म सेक्सी বাংলা xxx सेक्सी वीडियो फिल्म सेक्सी मूवी फुल हिंदी
bho,116348,script:BENGALI/GUJARATI/TAMIL,Phim XXX पोर्न वीडियो हिंदी सेक्सी वीडियो ગુજરાતી પોર્ન फिल्म सेक्सी বাংলা xxx सेक्सी वीडियो फिल्म सेक्सी मूवी फुल हिंदी
bho,117381,script:GUJARATI,ઇન્ડિયા સેક્સ વીડિયો डब्ल्यू एक्स एक्स एक्स साड़ी वाली ब्लू फिल्म new pron video brother and sister hot sexy video sexy 
bho,117382,script:GUJARATI/KANNADA,indian xxx video full hd sexy video sexy picture sexy picture भाभी के साथ भाई बहन की सेक्स sexvideo com hd मराठी भाभी से
bho,118431,script:ARABIC,"ग़ज़ल (غزل) जेकरा भोजपुरी में बहुधा गजल लिखल बोलल जाला, एक किसिम के कबितई हवे जेकर मुख्य बिसय प्रेम ह आ एकर उत्पत्ती अरब"
bho,119765,script:GUJARATI,મરાઠી સેક્સ વીડિયો bf video hd sunny leone एक्स एक्स ई सेक्सी बीपी शॉट वीडियो में सेक्सी बीएफ xxx hindi full hd ब्लू सेक
bho,119766,script:GUJARATI,सेक्सी फिल्म साड़ी वाली bf video hd sunny leone dani daniel videos xnxx hd video download देवर भाभी की चुदाई फिल्म गांड 
bho,120390,script:ARABIC,एक्स एक्स एक्स जैकलीन सेक्सी बीपी Dever Bhavi Xxx Xxx Vedios 2010 Marati Hiroo एक्स एक्स एक्स सेक्सी वीडियो आदिवासी एक्स
bho,127062,script:ARABIC/BENGALI/GUJARATI/KANNADA/TAMIL/TELUGU,हिंदी सेक्सी वीडियो સેક્સી વિડિઓ సెక్స్ వీడియో செக்ஸ் வீடியோ Phim XXX हिंदी सेक्सी मूवी वीडियो সেক্সি বিএফ தமிழ் செக்ஸ் 
bho,127063,script:BENGALI/GUJARATI/TAMIL/TELUGU,हिंदी सेक्सी वीडियो સેક્સી વિડિઓ पोर्न वीडियो செக்ஸ் வீடியோ सेक्सी हिंदी पिक्चर फिल्म हिंदी सेक्सी मूवी वीडियो ইংলিশ সেক
bho,127064,script:ARABIC/BENGALI/GUJARATI/KANNADA/TAMIL/TELUGU,हिंदी सेक्सी वीडियो સેક્સી વિડિઓ செக்ஸ் வீடியோ पोर्न वीडियो సెక్స్ వీడియో ગુજરાતી પોર્ન தமிழ் செக்ஸ் வீடியோ فيلم جنس Phi
bho,127065,script:ARABIC/BENGALI/GUJARATI/KANNADA/TAMIL/TELUGU,हिंदी सेक्सी वीडियो સેક્સી વિડિઓ செக்ஸ் வீடியோ సెక్స్ వీడియో Phim XXX সেক্সি বিএফ தமிழ் செக்ஸ் வீடியோ हिंदी सेक्सी मूवी 
bho,127066,script:BENGALI/GUJARATI/TAMIL/TELUGU,हिंदी सेक्सी वीडियो સેક્સી વિડિઓ செக்ஸ் வீடியோ पोर्न वीडियो सेक्सी हिंदी पिक्चर फिल्म ইংলিশ সেক্স సెక్స్ వీడియో हिंदी से
bho,127067,script:ARABIC/BENGALI/GUJARATI/KANNADA/TAMIL/TELUGU,हिंदी सेक्सी वीडियो સેક્સી વિડિઓ செக்ஸ் வீடியோ Phim XXX సెక్స్ వీడియో সেক্সি বিএফ தமிழ் செக்ஸ் வீடியோ हिंदी सेक्सी मूवी 
bho,127068,script:BENGALI/GUJARATI/TAMIL/TELUGU,हिंदी सेक्सी वीडियो સેક્સી વિડિઓ पोर्न वीडियो செக்ஸ் வீடியோ सेक्सी हिंदी पिक्चर फिल्म हिंदी सेक्सी मूवी वीडियो ইংলিশ সেক
bho,127069,script:BENGALI/GUJARATI/TAMIL/TELUGU,हिंदी सेक्सी वीडियो સેક્સી વિડિઓ செக்ஸ் வீடியோ पोर्न वीडियो सेक्सी हिंदी पिक्चर फिल्म ইংলিশ সেক্স సెక్స్ వీడియో हिंदी से
bho,127070,script:ARABIC/BENGALI/GUJARATI/TAMIL/TELUGU,हिंदी सेक्सी वीडियो સેક્સી વિડિઓ செக்ஸ் வீடியோ पोर्न वीडियो सेक्सी हिंदी पिक्चर फिल्म ইংলিশ সেক্স సెక్స్ వీడియో हिंदी से
bho,127071,script:ARABIC/BENGALI/GUJARATI/KANNADA/TAMIL/TELUGU,हिंदी सेक्सी वीडियो સેક્સી વિડિઓ पोर्न वीडियो செக்ஸ் வீடியோ సెక్స్ వీడియో सेक्सी हिंदी पिक्चर फिल्म Phim XXX ইংলিশ সেক্স
bho,130848,script:BENGALI/GUJARATI/MALAYALAM/TAMIL/TELUGU,वीडियो सेक्सी फिल्म मूवी বাংলা sex বাংলা সেক্স ভিডিও হিন্দি সেক্সি ভিডিও സെക്സി വീഡിയോ ગુજરાતી xxx xx वीडियो தமிழ் செக்ஸ
bho,131127,neardup,भीआईपी लोगन मे़ उनकर बढिया जान पहचान बन
bho,131260,script:GUJARATI,देसी भाभी चुदाई www x indian videos com अंग्रेजी ब्लू सेक्सी वीडियो ladki ko kaise chodte hain janwar aur insaan ka bf म
bho,133653,script:GREEK,"- पॉलीस्टर, PET film: from about 1 nF to 10 μF signal capacitors, integrators."
bho,134692,script:GUJARATI,kunwari ladkiyon ki chudai old satta हिंदी एक्स वीडियो indian hard fuck palang tod ullu priyanka chopra sexy सेक्सी बीएफ
bho,134693,script:GUJARATI,सेक्सी वीडियो हिंदी में ब्लू फिल्म सेक्सी वीडियो भाई बहन के hindi chudai videos एक्स एक्स एक्स एक्स एक्स पिक्चर old satt
bho,135553,script:ARABIC/BENGALI/GUJARATI/TAMIL/TELUGU,सेक्सी फिल्म फुल फिल्म सेक्सी सेक्सी फिल्में फुल एचडी वीडियो सेक्सी मूवी सेक्सी विनामूल्य अश्लील सेक्स मूवी हिंदी एचडी પ
bho,135554,script:ARABIC/BENGALI/GUJARATI/KANNADA/MALAYALAM/TAMIL,ಒಂದೆರಡು ಅಶ್ಲೀಲ ಪ್ರಬುದ್ಧ ಅಶ್ಲೀಲ सेक्सी पिक्चर फुल सेक्स પોર્ન વિડિઓ सेक्सी फिल्म सेक्सी हिंदी सेक्सी वीडियो फुल मूवी सेक्
bho,135555,script:ARABIC/BENGALI/GUJARATI/GURMUKHI/TAMIL,دانلود فیلم سکسی روسی سکسی ইংলিশ সেক্স ভিডিও सेक्सी पिक्चर सेक्सी हिंदी मूवी एचडी বাংলা চুদা চুদি ভিডিও ਭਾਰਤੀ ਸੈਕਸ हिंदी
bho,135556,script:ARABIC/BENGALI/GUJARATI/GURMUKHI/MALAYALAM/TAMIL,روسی سکسی دانلود فیلم سکسی सेक्सी मूवी वीडियो में सेक्सी सेक्सी पिक्चर सेक्सी हिंदी मूवी एचडी বাংলা চুদা চুদি ভিডিও ਭਾਰਤ
bho,135557,script:ARABIC/BENGALI/GUJARATI/TAMIL/TELUGU,सेक्स सेक्सी हिंदी मूवी মেয়েদের চুদাচুদি सेक्सी मूवी bf தமிழ் செக்ஸ் வீடியோக்கள் এইচডি সেক্স ভিডিও सेक्सी पिक्चर फुल से
bho,140418,script:GUJARATI,sexy blue film hd video xxx bihar video भाभी की चुदाई वीडियो में tamil nadu xxx बीएफ पिक्चर हिंदी एक्स एक्स एक्स सेक्सी 
bho,140419,script:GUJARATI,और बेटे की सेक्स वीडियो xxx com bf औरत की छूट के साथ उस औरत की फोटो ब्लू पिक्चर दो લવ સેક્સ વીડિયો hindi bhasha mein blu
bho,140746,script:GUJARATI,blue picture xxx kutta ladki ki sexy video हिंदी में भाभी की चुदाई ચોદવા ની વાતો देसी ब्लू फिल्म सेक्सी ब्लू फिल्म चित्र
bho,142176,script:GUJARATI/TAMIL,ब्लू फिल्म इंग्लिश में सेक्सी full sexy video gujarati पड स क नई नव ल ब व क पहल त बड़त ड़ च द ई hot sexy xxx indian xxx 
bho,142177,script:GUJARATI,पड स क नई नव ल ब व क पहल त बड़त ड़ च द ई what every frenchwoman wants movie भाभी की चूत मारते हुए blue picture video blu
bho,143704,script:BENGALI/GUJARATI/TELUGU,miya khalifa sexy video xxx com हिंदी में द ह त स क स व ड य ड ट क म દેશી લડકી કી ચૂદાઈ पंजाबी सेक्सी पिक्चर वीडियो free 
bho,146707,script:ARABIC,Xxxvidebp नवर बायको सेकस माहिती मराठीत Vdoxxx2019xxx حبش سكس Xxx Nxxx Com Dawnlod Jnwar साेकसि जबर जसति सेकस Coctar Jaba
bho,146708,script:ARABIC,قصص نيك رجالي كبار Sil Todane Xxxhot Video مجموعات فيسبوك مقاطع سكس سكس زنجية قصير भोजपुरीसेक्सफिल्म Xxxxin Video Hd Hin
bho,148611,script:BENGALI/GUJARATI,हिंदी में ब्लू पिक्चर हिंदी में chut se paani hot and sexy hindi movie এক্স এক্স ভিডিও এক্স এক্স ভিডিও latest porn mms m
bho,148808,script:GUJARATI,ब्लू पिक्चर सेक्सी वीडियो वीडियो बीएफ फिल्म ब्लू xxx videos bf ब्लू सेक्सी इंग्लिश में anal sex क्सक्स विडियो हिंदी में 
bho,150697,neardup,भोजपुरी के सबले बर सोशल साइट जय भोजपुरी डॉट कॉम के एक साल पूरा भइला का उपलक्ष्य में दिल्ली का आईटीओ स्थित राजेन्द् भवन म
bho,150698,neardup,कार्यक्रम साँझ चार बजे से शुरु होखी जवना में इन्टरनेट पर भोजपुरी का दखल विषय पर एगो परिचर्चा से शुरुआत होखी जवना में देश
bho,150699,neardup,कार्यक्रम के समापन सांस्कृतिक कार्यक्रम से होखी जवना में भोजपुरी के नामचीन गायक आ जय भोजपुरी के कुछ सदस्यो शामिल होखिहें
bho,150700,neardup,एह बात के जानकारी देत जय भोजपुरी के वरिष्ठ सदस्य मोंटू सिंह बतवले कि जय भोजपुरी एगो मंच ह जहवाँ लोग जाति धर्म आ इलाकाई भ
bho,151587,script:BENGALI,xnxx 16year com সানি লিওনের সেক্সি ভিডিও x master videos secxi video hot full open बड़े लंड से चूत चुदाई xxx porn mom xx
bho,151588,script:GUJARATI/KANNADA,માધુરીના સેકસી વીડિયો नेपाली बीएफ एचडी ब्लू पिक्चर सेक्सी भोजपुरी में photo marvadi grils and bhabhi xxx sex video downl
bho,151810,script:GUJARATI/KANNADA,indian gay sex video punjabi film blue bihari sexy com new porn xxx videos indain xxx video shang chi filmyzilla devar b
bho,151811,script:GUJARATI,विदेशी बीएफ वीडियो સેકસી વીડિયો બીપી પિક્ચર ब्लू पिक्चर इंग्लिश ब्लू पिक्चर ullu watch online बीएफ सनी लियोन का बहन के स
bho,152005,script:TELUGU,moti auraton ki sexy video हिंदी देसी सेक्सी फिल्म द स म ब ट क च द ई मारवाड़ी सेक्सी बीपी katrina kaif ka nanga photo से
bho,152233,script:MYANMAR,"अराकान परबत, अराकान योमा भा रखाइन परबत (अंगरेजी: Arakan Mountains; Burmese: ရခိုင်ရိုးမ) पच्छिमी बर्मा (म्यांमार) में एग"
bho,152574,script:CYRILLIC,वासिली कैंदिन्सकी (रूसी:Васи́лий Васи́льевич Канди́нский; जनम 16 December [O.S.
bho,153125,script:HIRAGANA,घर में बइठल रहिहऽ तब तक बाहर कबे न अइहきऽ
bho,154342,script:CJK,तब मथुर डेट प्रसाद अति सन्तोेष प्रद दे देत बा厝॥
bho,154545,script:CJK,आजादी गंगा हर द्वार纕॥
bho,155613,script:GUJARATI,sexy indian porn video मोटी आंटी की चुदाई सेक्सी बीएफ सेक्सी बीएफ सेक्सी बीएफ सेक्सी बीएफ फिल्म दिखाओ बीएफ इंडियन सेक्स 
bho,155799,script:GUJARATI,ब्लू पिक्चर भोजपुरी sexy hd download एक्स एक्स एक्स चुदाई वाली वीडियो હિન્દી સેક્સી પિક્ચર rakul preet singh sex एक्स एन
bho,155887,script:GUJARATI/TELUGU,కన్నడ సెక్స్ కన్నడ సెక్స్ కన్నడ సెక్స్ अंग्रेजी सेक्सी चुदाई xxx sexy videos full hd telugu sexy photo sunny lione xnxx 
bho,156673,neardup,"(लेखक वरिष्ठ संपादक, स्तंभकार अउर पूर्व सांसद हईं।"
bho,159057,script:GREEK,"उदाहरन बदे, मान लिहीं की θ = t, तऽ कोनो छन स्तिथि होई:"
bho,159340,script:GUJARATI,nangi ladki nangi बीएफ फुल एचडी बीएफ blue picture video सेक्सी वीडियो भाई बहन के sexy bf china एक्स एक्स एक्स हिंदी में 
bho,159779,script:GUJARATI,મારે નોકરી કરવી છે good morning videos for whatsapp deepika padukon ki sexy video ki chudai video नई सेक्सी बीएफ ब्लू ब्
bho,161813,script:GUJARATI,ववव अंतर्वासना कॉम sunny leone por દેશી બીપી પિક્ચર mallu vedio नेपाल के बीएफ got sexy video કરીના કપૂર ના સેકસી વીડિયો 
bho,162986,neardup,"(विनय बिराही सिंह वरिष्ठ पत्रकार हैं, आलेख में लिखे विचार उनके निजी हैं.)"
bho,163104,neardup,पुरनकी कंपनियन के ६.२ मेगाहर्ट्ज फोकट में मिली जबकि नयकी कंपनियन
bho,163880,script:GUJARATI,सेक्स हिंदी में ब्लू फिल्म नंगी पिक्चर फिल्म हिंदी सेक्स बफ सेक्स ब्लू वीडियो ब्लू वीडियो मोटी औरत की बीएफ dubai sexy vi
bho,164600,script:GUJARATI,सपना चौधरी के सेक्सी वीडियो એક્સ એન ડબલ એક્સ pornstar porn videos भाई और बहन का सेक्सी वीडियो हिंदी में sunny leone xxx 
bho,165350,script:BENGALI,আগরউড ব্যবস্থাপনা নীতি অনুযায়ী সতর্কতামূলক নীতি।
bho,165766,script:GUJARATI,देहाती मुस्लिम आंटी के फोटो एचडी sex video download sunny leone hd sexy video xxx low quality हिंदी बीएफ दिखाओ हिंदी बीए
bho,166129,neardup,"(विनय बिहारी सिंह एक वरिष्ठ पत्रकार हैं, आलेख में लिखे विचार उनके निजी हैं.)"
bho,166500,script:BENGALI,चूत चाटने वाला वीडियो देवर भौजाई की चुदाई hot xxx video बीपी पिक्चर मूवी স ন ল ওন ছব ववव क्सक्सक्स हिंदी xxx bp shot xxx
bho,166501,script:BENGALI/KANNADA,hindi xxx audio ब्लू पिक्चर फिल्म सेक्सी सेक्सी हिंदी में ब्लू पिक्चर बीपी पिक्चर बीपी पिक्चर बीपी पिक्चर बीपी पिक्चर ಬಿ
bho,166836,script:GUJARATI,सेक्सी ब्लू वीडियो फिल्म सन ल य न क स क स व ड य फ ल म desi girl porn videos new xxxx video બ્લુ પિક્ચર દેખાડો www xvideo
bho,169033,script:GUJARATI,satta matka milan doctor bf video ब्लू फिल्म वीडियो में ब्लू फिल्म वीडियो में sex photos boys gay telugu anushka sexy vi
bho,169034,script:GUJARATI,ડ્રેસ ની પેટન દેશી સેક્સ ફોટા desi punjabi mom gand newd सेक्स वीडियो ब्लू पिक्चर हिंदी द वर भ भ क च द ई ख त म और बेटे क
bho,169202,script:TIRHUTA,बैसाली मण्डल या वैशाली मण्डल (वैशाली जिला; बज्जिका/मैथिली: वैशाली मण्डल/𑒫𑒻𑒬𑒰𑒪𑒲 𑒧𑒝𑓂𑒛𑒪) बिहार राज्जके तिरहुत प्रमण्डलके एग
bho,170522,script:TAMIL,"அக்கி கான் குர் பார்கு से सुर्य कुमार यडाव दिन-रात, देश-परदेश कहीनो अपन चामक बिखरे में के वाई बार्डन ?"
bho,170552,script:BENGALI,fresh mind মান্য়্র पर ক্ল্ল ক্লে কান কোন নান্য নান নান্য ক্ট্র.
bho,172956,script:KANNADA,pg in bangalore for male ತೆಲುಗು ಸೆಕ್ಸ್ ಕಮ್ डब्ल्यू डब्ल्यू डॉट कॉम बीएफ ब्लू पिक्चर वीडियो में हिंदी में choda chodi eng
bho,173052,neardup,"(मोहन सिंह वरिष्ठ पत्रकार हैं, आलेख में लिखे विचार उनके निजी हैं.)"
bho,173204,script:GUJARATI,balatkar sex movie भाभी की चूची इंडियन देसी बीएफ મામા ના ફોટા xxx porn videos indian xxx com hindi नेपाल की लड़की का नंग
bho,173207,script:GUJARATI,xnxx for money xxx video family મારવાડી સેકસી વીડિયો indian old man porn video क्सक्सक्स वीडियो सेक्स ma bete ki chudai 
bho,173393,script:BENGALI,एक्स एक्स एक्स हिंदी वीडियोस बाप और बेटी का सेक्स सेक्सी भाभी के वीडियो देवर भाभी हॉट सेक्सी वीडियो www com bf video bha
bho,174286,script:GUJARATI,aurat ka bur sexual tamil padam hot bf hindi bhabhi ki jawani કુવારી દુલ્હન સેક્સ मारवाड़ी बीपी सेक्स bp sexy video bp s
bho,177038,script:GUJARATI,एक्स वीडियो जबरदस्ती xxx video in bathroom आलिया भट्ट की सेक्सी वीडियो નાગીન ની સીરીયલ xxx indian girl हिंदी में एक्स एक
bho,177039,script:GUJARATI,bhool bhulaiyaa movie download filmyzilla bhabhi devar sexy video सेक्सी वीडियो चोदा चोदी एचडी sunny leone hot sexy phot
bho,178391,script:ARABIC/CJK/HEBREW/KATAKANA,تصاویر سکسی ایرانی मूवी वीडियो सेक्सी Videos pornos veteranas Phim sec mẹ con Deutsche sexfilme kostenlos XXX femme Grat
bho,178395,script:ARABIC/BENGALI/GUJARATI/TAMIL/TELUGU,सेक्सी मूवी सेक्सी पिक्चर செக்ஸ் வீடியோ हिंदी सेक्सी फिल्म सेक्सी वीडियो डाउनलोड ગ્રુપ સેક્સ सेक्स फिल्म मूवी సెక్స్ బిఎ
bho,178396,script:ARABIC/BENGALI/GUJARATI/TAMIL,ইংলিশ সেক্স फुल हिंदी सेक्स मूवी बीएफ सेक्सी मूवी फिल्म સેકસી વીડીયો সেক্স ভিডিও सेक्सी फिल्म वीडियो सेक्सी அம்மா மகன் க
bho,178397,script:BENGALI/GUJARATI/TAMIL,हिंदी सेक्सी फुल मूवी एचडी हिंदी सेक्सी मूवी एचडी सेक्सी मूवी सेक्सी मूवी पिक्चर ગ્રુપ સેક્સ सेक्सी हिंदी मूवी में हिंदी
bho,178398,script:ARABIC/BENGALI/GUJARATI/KANNADA/TAMIL,மலையாள செக்ஸ் हिंदी में सेक्सी फिल्म मूवी हिंदी पिक्चर सेक्स இந்திய செக்ஸ் इंडियन वीडियो सेक्स सेक्सी फिल्म सेक्सी फिल्म
bho,178399,script:ARABIC/BENGALI/GUJARATI/MALAYALAM/TAMIL,ગ્રુપ સેક્સ தமிழ் XXX देहाती सेक्स सेक्सी सेक्सी वीडियो বাংলাদেশী সেক্স हिंदी सेक्सी फुल मूवी वीडियो सेक्स मूवी सेक्सी ব
bho,178400,script:ARABIC/BENGALI/GUJARATI/KANNADA/TAMIL,पॉर्न ইংলিশ সেক্স அம்மா செக்ஸ் வீடியோ सेक्सी पिक्चर मूवी हिंदी सेक्सी मूवी फिल्म पिक्चर सेक्सी मूवी फिल्म हिंदी सेक्सी फ
bho,178401,script:BENGALI/GUJARATI/TAMIL/TELUGU,ગુજરાતી પોર્ન सेक्सी वीडियो डाउनलोड हिंदी सेक्सी फिल्म செக்ஸ் வீடியோ सेक्सी फुल फिल्म सेक्स फिल्म मूवी सेक्सी मूवी सेक्स
bho,178402,script:BENGALI/GUJARATI/TAMIL,हिंदी में फुल सेक्सी मूवी हिंदी सेक्सी वीडियो मूवी பெண் செக்ஸ் सेक्सी मूवी बीएफ फिल्म सेक्सी फिल्म हिंदी में वीडियो में 
bho,178403,script:BENGALI/GUJARATI/KANNADA/TAMIL,বাংলাদেশ ভিডিও தமிழ் காமம் बीएफ सेक्सी मूवी फिल्म বাংলা দেশি xxx ಮಾದಕ ವಿಡಿಯೋ அம்மா மகன் காம सेक्सी वीडियो फिल्म हिंदी मे
bho,178404,script:ARABIC/BENGALI/GUJARATI/MALAYALAM/TAMIL,روسی سکسی सेक्सी फुल फिल्म xxx বাংলা video മലയാളം സെക്സ് सेक्सी सेक्सी हिंदी एचडी फुल मूवी ભારતીય સેક્સ सेक्सी फिल्म हिं
bho,178405,script:ARABIC/BENGALI/GUJARATI/MALAYALAM/TAMIL,روسی سکسی सेक्सी फुल फिल्म xxx বাংলা video മലയാളം സെക്സ് सेक्सी भारतीय अश्लील सेक्सी हिंदी फुल मूवी ભારતીય સેક્સ सेक्सी 
bho,178406,script:ARABIC/BENGALI/GUJARATI/MALAYALAM/TAMIL,روسی سکسی മലയാളം സെക്സ് सेक्सी फुल फिल्म xxx বাংলা video सेक्सी फिल्म हिंदी में वीडियो में বাংলা চুদা চুদি भारतीय अश्लील
bho,178407,script:BENGALI/GUJARATI/TAMIL,ગુજરાતી પોર્ન सेक्सी वीडियो डाउनलोड हिंदी सेक्सी फिल्म सेक्सी फुल फिल्म செக்ஸ் வீடியோ सेक्स फिल्म मूवी सेक्सी मूवी सेक्स
bho,178408,script:ARABIC/BENGALI/GUJARATI/MALAYALAM/TAMIL,भोजपुरी सेक्सी फिल्म सेक्सी फिल्म फुल एचडी सेक्सी পর্ন ভিডিও அம்மா மகன் காம ലൈംഗിക വീഡിയോകൾ हिंदी सेक्सी वीडियो मूवी फुल
bho,178409,script:ARABIC/BENGALI/GUJARATI/KANNADA/TAMIL,सेक्सी वीडियो फिल्म மலையாள செக்ஸ் સેકસી વીડિયો हिंदी में सेक्सी फिल्म मूवी காம செக்ஸ் एक्सएक्सएक्सएक्सएक्स इंडियन वीडियो
bho,182063,neardup,"बलिया, गाजीपुर आ मिर्जोपुर में नदियन के पानी"
bho,182850,script:GUJARATI,indian group xxx xxx videos hd new xxx desi saree video download सेक्सी वीडियो देहाती साड़ी वाली xnxx com japanese સેકસી
bho,185235,script:MODIFIER,लिबेसिओ चाहे इटैलियन में लिबेत्चो (Italian: [liˈbettʃo] Leveche लेबेच) भूमध्य सागरीय क्षेत्र में पछुआ चाहे दक्खिन-पच्छिम
bho,186185,neardup,अब रउए बता दीं कि हम कहाँ जाईं.
bho,186186,neardup,कोच्चि मे 2 मार्च के दीहल राउर उद्बोधन हमरा सोझा बा.
bho,186187,neardup,एहमें राउर कहना बा कि अपना देश में असहिष्णु लोग ला कवनो जगहा ना होखे के चाहीं.
bho,186188,neardup,मीडिया में राउर भाषण जवना तरह से पेश कइल गइल ओहसे हमरा पहिले लागल कि मीडिया ओकरा के अपना हिसाब से पेश कइले बा.
bho,186189,neardup,त हम राउर आधिकारिक भाषण पढ़नी आ साँच कहीं त राउर भाषणो हमरा पचल ना.
bho,186190,neardup,एह हालत में रउरे बताईं कि हम कहाँ जाईं.
bho,186193,neardup,बोले भा अभिव्यक्ति के आजादी सबले खास मौलिक अधिकार हवे हमहन के संविधान के.
bho,186194,neardup,आगे कहले बानी कि भारत हमेशा से शिक्षा के क्षेत्र में विश्व नेता रहल बा.
bho,186195,neardup,नालन्दा आ तक्षशिला विश्व विद्यालयन के नामो लिहले बानी रउआ.
bho,186196,neardup,रउरा संबोधन के एक हिस्सा से हमहु सहमत बानी काहे कि ई ऐतिहासिक सच्चाई ह.
bho,187764,script:CJK,- झ ल त इह झ ल य त ई झ ल च न भ ष 太湖 अ ग र ज Taihu Lake ग र ट झ ल व श च न क य ग त ज ड ल ट म द न म स थ त एक बड त ज प न क झ
bho,189533,script:BENGALI,बील (बंगाली: বিল) बंगाल में गंगा डेल्टा आ एकरा आसपास बने वाली जमीनी आकृति या एगो थलरूप हवे जवन आम मैदानी सतह से तनी गहिर
bho,189682,neardup,"(संजय साश्वत वरिष्ठ पत्रकार हैं, आलेख में लिखे विचार उनके निजी हैं.)"
bho,190952,script:GUJARATI/TELUGU,కన్నడ సెక్స్ కన్నడ సెక్స్ కన్నడ సెక్స్ अंग्रेजी सेक्सी चुदाई xxx sexy videos full hd telugu sexy photo raveena tandon ki
bho,190953,script:TAMIL,बीपी सेक्सी पिक्चर व्हिडिओ भाभी की चुदाई सेक्सी वीडियो muslim ladki ki blue film முஸ்லிம் செக்ஸ் வீடியோஸ் स्कूल लव स्टोर
bho,191905,neardup,एह खातिर कांग्रेस आ ओकरा साथे मिल के चलत यूपीए सरकार त भगवान श्रीराम के होखहीं पर सवाल उठावत रहलें.
bho,192826,script:GUJARATI,xxx desi film dehati bf hindi ब्लू फिल्में हिंदी में ब्लू telugu sexy aunties चोदने के तरीके કોલેજ સેકસી વીડિયો sheela b
bho,192848,script:MANDAIC,झोपा में फरल करियाइल जामुन देख के जब लइका के जीभ में से लार चूवे लागे आ जब ओकरा के प्राप्त करे के खातिर ओह गाछ पर चढࡊ के
bho,193943,script:ARABIC/BENGALI/GUJARATI/TAMIL/TELUGU,पोर्न वीडियो فيلم جنس সেক্সি ভিডিও सेक्सी फिल्में தமிழ் காமம் বাংলা xxx video बीपी सेक्स फिल्म सेक्सी मूवी सेक्स मादक मु
bho,194697,script:GUJARATI,તેને સેક્સ વીડિયો भोजपुरी ब्लू फिल्म ફોટા બનાવવા download सेक्सी बीएफ अंग्रेजी में चाची की चुदाई वीडियो हिंदी ब्लू फिल्म
bho,195182,neardup,लोकरंजन आ सांस्कृतिक गीत-गवनई के बढ़ावा देबे खातिर पाती कला मंच आ भोजपुरी दिशाबोध के पत्रिका पाती का ओर से नयी दिल्ली के
bho,195183,neardup,एह कार्यक्रम में रउरा सभे के नेह नेवता दीहल जा रहल बा.
bho,195184,neardup,आईं आ भोजपुरी के सांस्कृतिक सम्पदा के बढ़ावे में आपन सहजोग दीं.
bho,195185,neardup,फूहड़ गीत गवनई के आलोचना कइला से अधिका जरुरी बावे कि बढ़िया गीत गवनई के बढ़ावल जाव.
bho,195186,neardup,ओकरा में लागल लोग के उत्साह बढ़ावल जाव.
bho,195188,neardup,"बलिया के ओमप्रकाश आ आजमगढ़ के नैनू शुक्ल एह कार्यक्रम में अपना गवनई से रउरा सभे के भाव विभोर क दीहें, अइसन पूरा भरोसा बा"
bho,195806,script:TAMIL,द वर भ भ क च द ई ख त म ullu web series full episode bf picture hd चुदाई के वीडियो xxx hot com chudai chudai chudai chuda
bho,196124,neardup,"(प्रभात ओझा वरिष्ठ पत्रकार हैं, आलेख में लिखे विचार उनके निजी हैं.)"
bho,196383,script:GUJARATI,desi actress flats feet hot बीपी ओपन सेक्सी सेक्स वीडियो जबर्दस्त बीपी वीडियो सेक्सी hindi sexy chudai video सनी लियोन क
bho,196384,script:TAMIL,desi actress flats feet hot सेक्सी ब्लू हिंदी में पोर्न हद वीडियो देहाती बीएफ हिंदी இந்தியா செக்ஸ் வீடியோ दूल्हा दुल्हन 
bho,200258,script:KANNADA,hindi xxx audio ब्लू पिक्चर फिल्म सेक्सी सेक्सी हिंदी में ब्लू पिक्चर बीपी पिक्चर बीपी पिक्चर बीपी पिक्चर बीपी पिक्चर ಬಿ
bho,202679,script:BENGALI,baap beti choda chodi सेक्सी पिक्चर ओपन सेक्सी पिक्चर ओपन kutta aur ladki ki chudai एक्स एक्स एक्स हिंदी चुदाई hd hindi 
bho,203642,script:GUJARATI,ullu web series movie download हिंदी सेक्सी वीडियो ब्लू पिक्चर gujarati sex gujarati sex gujarati sexy bp देसी ब्लू फिल्
bho,207943,neardup,|ई भाषा बिज्ञान से संबंधित लेख एगो आधार बाटे।
bho,209949,script:GUJARATI,मद्रासी ब्लू फिल्म kangana ranaut sexy hindi wala sex video देसी लड़की की चुदाई हिंदी में saree wali bhabhi ki chudai ek
bho,213460,script:GUJARATI,bf chodne wali chut ka maza indian actresses nude बीएफ सेक्सी अंग्रेजी में सेक्सी बीएफ बीएफ सेक्सी बीएफ xxx vidio hd સેક
bho,213656,script:GUJARATI,विदेशी बीएफ वीडियो સેકસી વીડિયો બીપી પિક્ચર ब्लू पिक्चर इंग्लिश ब्लू पिक्चर ullu watch online बीएफ सनी लियोन का बहन के स
bho,213657,script:GUJARATI,desi lady xxx sophia leone okxxx devar aur bhabhi ki sexy video ब्लू सेक्सी दिखाओ ब्लू सेक्सी ब्लू फिल्म चोदने वाली all 
bho,213680,script:GUJARATI,sexy picture sexy इ ड यन ब एफ इ ड यन ब एफ sex aunty tamil बीएफ दे बीएफ बीएफ ullu web series full video हिंदी में सेक्सी 
bho,213681,script:GUJARATI,डबल एक्स वीडियो સેકસી પીચર વીડીયો african porn videos hot sexy porn हिंदी सेक्सी वीडियो बीएफ हिंदी xxx संघ के राज्य वीडि
bho,214115,script:GUJARATI,इंग्लिश सेक्सी बीएफ ब्लू फिल्म सेक्सी हिंदी में सेक्सी पिक्चर हिंदी में साड़ी वाली tamil porn clips इंग्लिश में बीएफ इंग
bho,216041,script:MODIFIER,"एशिया (/ˈeɪʒə, ˈeɪʃə/) धरती के सभसे बड़हन आ सभसे ढेर जनसंख्या वाला महादीप हऽ, मुख्य रूप से उत्तरी आ पूरबी गोलार्धन में प"
bho,216414,neardup,"(इष्ट देव सांकृत्यायन वरिष्ठ पत्रकार हैं, आलेख में लिखे विचार उनके निजी हैं.)"
bho,217135,script:GREEK,राँची विश्वविधालय (झारखण्ड ) के सेवानिवृत प्रोफेसर बालेन्दुशेखर तिवारी आ लीडेन विश्वविधालय (नीदरलैंड) के हिंदी विभागाध्य
bho,218008,neardup,"हम सुरेश का घरे छुट्टी मनावे गइनी त हमरा के देखते सुरेश कहलन, ‘अहो भाग्य कि रउआ पधरनी हमरा दुआर प.’ ‘अरे का बोलऽतानी."
bho,218424,neardup,"(राजीव मिश्र वरिष्ठ पत्रकार हैं, आलेख में लिखे विचार उनके निजी हैं.)"
bho,218785,script:GUJARATI,chudai hindi video jangal mein mangal karte hue मोदी की सेक्स वीडियो sunny leone bp भोजपुरी सेक्सी बीएफ एचडी khubsurat l
bho,218786,script:GUJARATI,वीडियो में बीएफ જાપાની સેક્સ વીડિયો बीएफ सेक्सी वीडियो दिखाइए ट्रिपल सेक्स बीएफ चोदने वाला सेक्सी पिक्चर desi tyres अंग्
bho,219139,script:GUJARATI,x videos telugu दुल्हन की चुदाई ओपन सेक्स वीडियो मारवाड़ी સુહાગરાત કી ચૂદાઈ ladki ki seal todne ki chudai सेक्सी बीएफ वी
bho,223411,neardup,भोजपुरी में ये भी पढें : मकइया रे तोर गुन गवलो ना जालाराजेंदर बाबू के चिट्ठी
bho,223840,script:GREEK,"अंगरेजी में एकरा के लिथोस्फियर कहल जाला जे यूनानी भाषा के लिथोस (λίθος) ""चट्टानी"" आ स्फीयर से बनल हवे।"
bho,228597,neardup,"प्रभात ओझा वरिष्ठ पत्रकार हैं, आलेख में लिखे विचार उनके निजी हैं.)"
bho,230993,script:GUJARATI,xxx desi bf बीपी पिक्चर बीपी ચૌદમ ચૌદ ચૌદમ ચૌદ गांव की लड़की के बीएफ नंगी सेक्सी पिक्चर नंगी सेक्सी पिक्चर sunny leone x
bho,231599,script:GUJARATI,भोजपुरी फिल्म वीडियो 3 x video gujarati jokes gujarati jokes xx video dehati ज प न त ल क फ यद और लग न क तर क जन्मदिन के 
bho,231600,script:GUJARATI,औरत की चुदाई हिंदी में gand ki chudayi भाभी की चुदाई भाभी की चुदाई sexvideo com hd मैं इंग्लिश मीडियम पढ़ी हुई एक्स एक्स
bho,233378,script:ARABIC,कुछ दसा में उर्दू के ऐन अच्छर (ع) के उच्चारन खाती अ भा आ के नीचे नुकता लगावल जाला आ अ़ चाहे आ़ लिखल जाला।
bho,234232,neardup,"(लेखक वरिष्ठ संपादक, स्तंभकार अउर पूर्व सांसद हईं ।)"
bho,234698,script:GUJARATI,वीडियो में बीएफ જાપાની સેક્સ વીડિયો बीएफ सेक्सी वीडियो दिखाइए ट्रिपल सेक्स बीएफ चोदने वाला सेक्सी पिक्चर mardaani 2 full
bho,238841,neardup,विश्व भोजपुरी सम्मेलन के बलिया इकाई अउर पाती सांस्कृतिक मंच के एगो बड़हन आयोजन पिछला अतवारा का दिने बलिया के टाउन हाल बा
bho,238842,neardup,"एह आयोजन के पहिला सत्र में पाती संपादक डा॰ अशोक द्विवेदी, प्रो॰ अवधेश प्रधान आ प्रो॰ सदानन्द शाही का हाथै एह साल के “पात"
bho,238844,neardup,मुख्य अतिथि प्रो॰ सदानंद शाही आ अध्यक्ष प्रो॰ अवधेश प्रधान ‘पाती’ के प्रेम कथा विशेषांक के संदर्भ में विस्तार से चरचा कर
bho,238845,neardup,प्रेम के अनगिनत रूप के कहानीकार एह कहानियन में ओकरा खासियत का साथे चित्रित कइले बाड़े.
bho,238846,neardup,प्रो़ सदानंद शाही के कहना रहल कि भोजपुरी भलही आज आपन असर समाज के हर वर्ग पर जमवले जात बिया बाकिर एकरा के संवैधानिक मान्य
bho,238847,neardup,एकरा के कानूनी रूप से सकार लिहल जाव एह खातिर जरूरी बा कि भोजपुरी में हर तरह के लेखन सामने आवे.
bho,238848,neardup,दोसरो भासा से मजगर रचना के अनुवाद भोजपुरी में होखत रहे के चाहीं.
bho,238850,neardup,बलुक भोजपुरी रचनाशीलता के समहर रूप में परोसे में पाती पत्रिका के महती योगदान रहल बा.
bho,238853,neardup,कार्यक्रम मेंं शैलेंद्र मिश्र आ ओमप्रकाश भोजपुरी गवनई परोसले जवना के सभे आनन्द लिहल.
bho,238855,neardup,समारोह के आखिरी आ तिसरका सत्र में कुबेर नाथ मिश्र विचित्र के अध्यक्षता में कवि सम्मेलन के आयोजन भइल.
bho,238861,neardup,सबेरे दस बजे से शुरू भइल कार्यक्रम साँझ छह बजे ले चलल आ सहज भाव से एकर बढिया संचालन कइलन कौशल कुमार सिन्हा.
bho,239142,script:GUJARATI,desi lady xxx एक सएक सएक स द र टर न आ फ ज डर क ज 2017 devar aur bhabhi ki sexy video ब्लू सेक्सी दिखाओ ब्लू सेक्सी ब्लू 
bho,239143,script:GUJARATI,विदेशी बीएफ वीडियो સેકસી વીડિયો બીપી પિક્ચર ब्लू पिक्चर इंग्लिश ब्लू पिक्चर ullu watch online बीएफ सनी लियोन का बहन के स
bho,241206,script:GUJARATI,हिंदी सेक्सी वीडियो भाभी tamilsex hd video ગુજરાતી સેકસી વિડીયો suhagrat ki chudai video janwar wali bf download full hd
bho,241971,script:GUJARATI/KANNADA,gand kaise marte hai xnx hindi video सेक्सी वीडियो हिंदी में नंगी ब्लू फिल्म वीडियो में सेक्स एक्स वीडियो बंगाली लड़की क
bho,242107,script:ARABIC/BENGALI/GUJARATI/GURMUKHI/KANNADA/TAMIL/TELUGU,हिंदी सेक्सी वीडियो अश्लील সেক্সি ভিডিও సెక్స్ వీడియో সেক্সি বিএফ सेक्सी फिल्म हिंदी में सेक्सी पिक्चर मूवी தமிழ் காம பட
bho,242108,script:BENGALI/GUJARATI/TAMIL,தமிழ் செக்ஸ் வீடியோ செக்ஸ் सेक्स वीडियो सेक्स फिल्म का वीडियो সেক্স ভিডিও সেক্সি ভিডিও भाभी सेक्स हिंदी सेक्सी फुल मूवी 
bho,242109,script:BENGALI/GUJARATI/TAMIL/TELUGU,हिंदी सेक्सी वीडियो हिंदी में सेक्सी फिल्म সেক্স ভিডিও ક્સક્સક્સ ইংলিশ সেক্স फिल्म सेक्सी फिल्म एचडी सेक्सी फिल्म सेक्सी
bho,242110,script:ARABIC/BENGALI/GUJARATI/KANNADA/TAMIL/TELUGU,पोर्न वीडियो সেক্সি ভিডিও বাংলা xxx हिंदी सेक्सी वीडियो सेक्सी फिल्म वीडियो में सेक्सी वीडियो हिंदी में मूवी સેકસી બીપી 
bho,242111,script:ARABIC/BENGALI/GUJARATI/KANNADA/TAMIL/TELUGU,पोर्न वीडियो সেক্সি ভিডিও हिंदी सेक्सी वीडियो বাংলা xxx सेक्सी वीडियो हिंदी में मूवी સેકસી બીપી વીડીયો బిఎఫ్ సెక్స్ వీడి
bho,242112,script:ARABIC/BENGALI/GUJARATI/TAMIL,सेक्सी हिंदी फुल मूवी செக்ஸ் अश्लील सेक्सी फिल्में সেক্সি ভিডিও પોર્ન गुजराती सेक्सी वीडियो தமிழ் செக்ஸ் வீடியோ हिंदी से
bho,242113,script:BENGALI/GUJARATI/KANNADA/TAMIL/TELUGU,সেক্সি ভিডিও सेक्सी फिल्में தமிழ் செக்ஸ் வீடியோ தமிழ் செக்ஸ் வீடியோ বাংলা xx सेक्सी वीडियो फिल्म செக்ஸ் सेक्सी मूवी हिंद
bho,242114,script:ARABIC/BENGALI/GUJARATI/TAMIL/TELUGU,हिंदी सेक्सी वीडियो फुल सेक्सी मूवी वीडियो తెలుగులో సెక్స్ সেক্সি ভিডিও सेक्सी वीडियो हिंदी में मूवी বাংলা xxx सेक्सी फि
bho,242115,script:BENGALI/GUJARATI/TAMIL,தமிழ் செக்ஸ் வீடியோ सेक्स वीडियो सेक्स फिल्म का वीडियो সেক্সি ভিডিও हिंदी सेक्सी फुल मूवी एचडी செக்ஸ் भाभी सेक्स செக்ஸ் 
bho,242116,script:ARABIC/BENGALI/GUJARATI/GURMUKHI/TAMIL/TELUGU,সেক্সি ভিডিও xxx বাংলা पोर्न वीडियो সেক্স ভিডিও सेक्सी हिंदी फुल मूवी বাংলা xxx सेक्स पिक्चर हिंदी فيلم جنس సెక్స్ వీడియ
bho,242117,script:BENGALI/GUJARATI/TAMIL,தமிழ் செக்ஸ் வீடியோ सेक्स वीडियो सेक्स फिल्म का वीडियो செக்ஸ் সেক্সি ভিডিও हिंदी सेक्सी फुल मूवी एचडी भाभी सेक्स செக்ஸ் 
bho,242118,script:ARABIC/BENGALI/GUJARATI/TAMIL/TELUGU,हिंदी सेक्सी फिल्म सेक्सी व्हिडिओ सेक्सी वीडियो फिल्म हिंदी सेक्सी वीडियो সেক্স ভিডিও ક્સક્સક્સ एचडी सेक्सी फिल्म हिंदी 
bho,242119,script:ARABIC/BENGALI/GUJARATI/TAMIL/TELUGU,हिंदी फिल्म सेक्सी indian sex video সেক্স ভিডিও हिंदी सेक्सी फिल्म सेक्सी पिक्चर हिंदी सेक्सी मूवी वीडियो సెక్స్ వీడియో 
bho,242120,script:ARABIC/BENGALI/GUJARATI/TAMIL,सेक्सी वीडियो फिल्म सेक्सी व्हिडिओ सेक्सी वीडियो फिल्म सेक्सी फिल्म वीडियो देहाती सेक्स فيلم جنس सेक्सी फिल्म सेक्सी फिल
bho,242121,script:ARABIC/BENGALI/GUJARATI/TAMIL,செக்ஸ் வீடியோ தமிழ் தமிழ் காமம் हिंदी सेक्सी फिल्म முதிர்ந்த செக்ஸ் सेक्सी फिल्म सेक्सी फिल्म सेक्सी सेक्सी फिल्म वीडियो
bho,242122,script:BENGALI/GUJARATI/TAMIL/TELUGU,पोर्न वीडियो સેક્સ सेक्स फिल्म का वीडियो தமிழ் செக்ஸ் வீடியோ पॉर्न सेक्स वीडियो हिंदी में सेक्सी फिल्म वीडियो हिंदी सेक्
bho,242123,script:ARABIC/BENGALI/GUJARATI/TAMIL/TELUGU,हिंदी सेक्सी मूवी वीडियो సెక్స్ వీడియో सेक्सी व्हिडिओ ভারতীয় সেক্সি ভিডিও पोर्न सेक्स सेक्सी फिल्म सेक्सी फिल्म सेक्सी 
bho,242124,script:ARABIC/BENGALI/GUJARATI/TAMIL/TELUGU,सेक्सी फिल्में सेक्सी वीडियो फिल्म सेक्स फिल्म का वीडियो सेक्सी फिल्म सेक्सी फिल्म वीडियो सेक्सी मूवी सेक्सी मूवी सेक्सी
bho,242125,script:ARABIC/BENGALI/GUJARATI/TAMIL/TELUGU,हिंदी सेक्सी वीडियो সেক্স ভিডিও తెలుగులో సెక్స్ फुल सेक्सी मूवी वीडियो সেক্সি ভিডিও सेक्सी फिल्म वीडियो में सेक्सी वीडिय
bho,242126,script:ARABIC/BENGALI/GUJARATI/GURMUKHI/KANNADA/TAMIL/TELUGU,हिंदी सेक्सी वीडियो अश्लील সেক্সি ভিডিও సెక్స్ వీడియో সেক্সি বিএফ सेक्सी फिल्म हिंदी में सेक्सी पिक्चर मूवी हिंदी मूवी स
bho,242489,script:BENGALI,ঘিয়ের মিঠাই বেঁধে দি।
bho,242490,script:BENGALI,করবি গো দুয়ার মানা।
bho,243686,script:GUJARATI/TAMIL,देसी सेक्सी वीडियो चोदने वाला discord बीपी सेक्सी वीडियो बीपी सेक्सी वीडियो indiansex hd video தமிழ் கிராமத்து செக்ஸ் வீ
bho,244216,script:ARABIC,लोकप्रिय पोर्न साइट पर बिना किसी शुल्क के قصص سكس ولد ينيك امه वीडियो क्लिप का आनंद लें।
bho,244217,script:ARABIC,आपकी खुशी के लिए قصص سكس ولد ينيك امه सेक्स क्लिप EnergiaAPorn.Cl पर उपलब्ध हैं।
bho,244941,script:GUJARATI,kannada hd bf सेक्सी बीएफ भोजपुरी सेक्सी बीएफ sexual bengali movie बीएफ हिंदी में हिंदी में बीएफ मोटी गांड वाली सेक्स वी
bho,249392,script:BENGALI/GUJARATI,देसी सेक्स विडिओ फुल सेक्सी बीएफ हिंदी में बिहार का बीएफ મામા ના ફોટા वीडियो बीएफ सेक्सी हिंदी में puccy lick नंगी पिक्च
bho,250195,script:GREEK,"अंगरेजी में, नया टेस्टामेंट में आईल बिशप शब्द यूनानी भाषा के एपिस्कोपोस (ἐπίσκοπος) के अनुवाद हवे, जेकर अर्थ ओभरसियर, ओभ"
bho,250691,script:GUJARATI/TAMIL,ब्लू फिल्म वीडियो में एचडी hot bhabhi chudai hot xxx desi xxxbf ladies हिंदी ब्लू फिल्म हिंदी भाई बहन का ब्लू पिक्चर सेक
bho,251181,script:GUJARATI,x hamster young girl ફુલ સેકસી બીપી hindi sexy video bf भाभी देवर की सेक्सी चुदाई सेक्सी वीडियो मोटी औरत pati patni ki s
bho,251899,script:GUJARATI/MALAYALAM,nora fatehi ki nangi photo हिंदी फिल्म एक्स एक्स एक्स ગુજરાતી સેકસી વીડિયો 2022 desi xxx bhabhi സണ്ണി ലിയോണ് സെക്സ് വീഡി
bho,252381,script:BENGALI/GUJARATI,हिंदी सेक्स वेदिओ sunny leone hot xxx देशी सेक्स विडिओ aunty ki gand sunny leone 4k porn sr kalyana mandapam ibomma সেক্
bho,256957,script:ARABIC/BENGALI/GUJARATI/TAMIL/TELUGU,સેક્સી વિડિઓ বাংলা xxx सेक्सी फिल्म सेक्सी फिल्म सेक्सी फिल्म हिंदी में वीडियो सेक्सी फिल्में हिंदी फिल्म सेक्सी फिल्म ই
bho,256958,script:ARABIC/BENGALI/GUJARATI/KANNADA/TAMIL/TELUGU,हिंदी फिल्म सेक्सी फिल्म मूवी सेक्सी मूवी सेक्सी मूवी सेक्सी फिल्म फुल मूवी सेक्सी फिल्म सेक्सी फिल्म वीडियो સેકસી બીપી 
bho,256959,script:ARABIC/BENGALI/GUJARATI/KANNADA/TAMIL/TELUGU,हिंदी फुल सेक्सी मूवी पोर्न वीडियो सेक्सी वीडियो मूवी एचडी બીપી વીડીયો मूवी सेक्सी मूवी सेक्सी मूवी ગુજરાતી સેક્સ સ્ટોરી
bho,256960,script:BENGALI/GUJARATI/TAMIL/TELUGU,বাংলা xxx செக்ஸ் வீடியோ फिल्म सेक्सी वीडियो સેક્સી વિડિઓ फुल सेक्स फिल्म पोर्न वीडियो सेक्सी वीडियो फिल्म বাংলা xxx સેક્
bho,256961,script:ARABIC/BENGALI/GUJARATI/KANNADA/TAMIL/TELUGU,सेक्सी फिल्म सेक्सी फिल्म सेक्सी फिल्म સેક્સ વીડીયા સેક્સ મૂવીઝ मूवी वीडियो सेक्सी सेक्सी मूवी हिंदी मूवी فيلم جنس सेक्स
bho,256962,script:ARABIC/BENGALI/GUJARATI/TAMIL/TELUGU,पोर्न वीडियो सेक्सी फिल्में सेक्सी वीडियो फिल्म Phim XXX सेक्सी फिल्म सेक्सी फिल्म वीडियो સેકસી मूवी सेक्सी मूवी सेक्सी 
bho,256963,script:ARABIC/BENGALI/GUJARATI/TAMIL/TELUGU,বাংলা xxx સેકસી પોર્ન सेक्सी फिल्म सेक्सी फिल्म वीडियो سکسی ویڈیو সেক্সি ভিডিও सेक्सी फिल्म हिंदी वीडियो में सेक्सी फिल्
bho,256964,script:ARABIC/BENGALI/GUJARATI/KANNADA/TAMIL/TELUGU,హాట్ సెక్స్ સેક્સી વિડિઓ हिंदी मूवी सेक्सी हिंदी मूवी सेक्सी سکسی روسی સેકસ વીડીયો முதிர்ந்த செக்ஸ் video বাংলা xxx फुल 
bho,256965,script:BENGALI/GUJARATI/KANNADA/TAMIL/TELUGU,सेक्सी पिक्चर हिंदी में செக்ஸ் வீடியோ સેક્સી વિડિઓ अश्लील फिल्म फिल्म वीडियो सेक्सी सेक्सी हिंदी मूवी वीडियो हिंदी सेक्स
bho,256966,script:ARABIC/BENGALI/GUJARATI/TAMIL/TELUGU,સેકસી বাংলা xxx પોર્ન सेक्सी फिल्म सेक्सी फिल्म वीडियो सेक्सी फिल्म फुल एचडी सेक्सी फिल्म फुल एचडी سکسی ویڈیو सेक्सी फिल
bho,256967,script:BENGALI/GUJARATI/TAMIL/TELUGU,સેક્સી વિડિઓ செக்ஸ் வீடியோ செக்ஸ் வீடியோக்கள் સેક્સી વિડિઓ తెలుగు సెక్స్ फुल सेक्स फिल्म पॉर्न मराठी अश्लील हिंदी फिल्म 
bho,256968,script:ARABIC/BENGALI/GUJARATI/TAMIL/TELUGU,सेक्सी फिल्म सेक्सी फिल्म বাংলা xxx સેક્સી વિડિઓ सेक्सी फिल्में सेक्सी फिल्म हिंदी में वीडियो ইংলিশ সেক্স மலையாள செக்ஸ் 
bho,256969,script:BENGALI/GUJARATI/TAMIL/TELUGU,पोर्न वीडियो ইংলিশ সেক্স फिल्म सेक्सी वीडियो सेक्स मूवी फुल देसी सेक्स ஆபாச सेक्सी फिल्म हिंदी में वीडियो सेक्सी फिल्म स
bho,256970,script:BENGALI/GUJARATI/TAMIL/TELUGU,पोर्न वीडियो ইংলিশ সেক্স செக்ஸ் வீடியோக்கள் सेक्सी पिक्चर वीडियो मूवी સેક્સી વિડિઓ फिल्म सेक्सी वीडियो ஆபாச सेक्स मूवी फ
bho,256971,script:ARABIC/BENGALI/GUJARATI/TAMIL/TELUGU,सेक्सी फिल्म सेक्सी फिल्म एचडी सेक्सी फिल्म বাংলা xxx सेक्सी फिल्में सेक्सी पोर्न மலையாள செக்ஸ் फिल्म सेक्सी वीडियो हिंद
bho,256972,script:BENGALI/GUJARATI/TAMIL/TELUGU,বাংলা xxx செக்ஸ் வீடியோ फिल्म सेक्सी वीडियो સેક્સી વિડિઓ फुल सेक्स फिल्म पोर्न वीडियो सेक्सी वीडियो फिल्म সেক্সি গার্ল ব
bho,256973,script:BENGALI/GUJARATI/TAMIL/TELUGU,বাংলা xxx फिल्म सेक्सी वीडियो செக்ஸ் வீடியோ સેક્સી વિડિઓ फुल सेक्स फिल्म पोर्न वीडियो সেক্সি গার্ল सेक्सी वीडियो फिल्म ব
bho,256974,script:BENGALI/GUJARATI/TAMIL/TELUGU,বাংলা xxx फिल्म सेक्सी वीडियो செக்ஸ் வீடியோ સેક્સી વિડિઓ फुल सेक्स फिल्म पोर्न वीडियो সেক্সি গার্ল सेक्सी वीडियो फिल्म ব
bho,256975,script:BENGALI/GUJARATI/KANNADA/TAMIL/TELUGU,सेक्सी पिक्चर हिंदी में செக்ஸ் வீடியோ સેક્સી વિડિઓ हिंदी सेक्सी फिल्म हिंदी सेक्सी अश्लील फिल्म फिल्म वीडियो सेक्सी সেক্
bho,256976,script:BENGALI/GUJARATI/TAMIL/TELUGU,पोर्न वीडियो ইংলিশ সেক্স फिल्म सेक्सी वीडियो देसी सेक्स ஆபாச सेक्सी फिल्म हिंदी में वीडियो सेक्सी फिल्म सेक्सी वीडियो से
bho,256977,script:BENGALI/GUJARATI/TAMIL/TELUGU,বাংলা xxx फिल्म सेक्सी वीडियो செக்ஸ் வீடியோ સેક્સી વિડિઓ फुल सेक्स फिल्म पोर्न वीडियो সেক্সি গার্ল सेक्सी वीडियो फिल्म ব
bho,256978,script:BENGALI/GUJARATI/TAMIL/TELUGU,સેક્સી વિડિઓ বাংলা xxx सेक्सी फिल्म सेक्सी फिल्म सेक्सी फिल्म हिंदी में वीडियो हिंदी फिल्म सेक्सी फिल्म ইংলিশ সেক্স फिल्
bho,257177,script:GUJARATI,इंग्लिश में बीएफ वीडियो moti aurat ki chudai sunny leone pussy pics हिंदी सेक्सी फिल्म ब्लू फिल्म bur chatne wala video 
bho,257178,script:GUJARATI,सेक्सी ब्लू पिक्चर नंगी एक्स एक्स वीडियो सेक्सी हिंदी सोती हुई बहन को चोदा डॉक्टर नर्स की चुदाई एक्स एक्स एक्स हॉट वीडिय
bho,259662,script:BENGALI/GUJARATI/TAMIL/TELUGU,ইংলিশ সেক্স সেক্স ভিডিও हिंदी सेक्सी मूवी वीडियो ஆபாச अश्लील સેક્સી વિડિઓઝ सेक्सी पिक्चर मूवी हॉट सेक्सी वीडियो తెలుగు స
bho,259663,script:ARABIC/BENGALI/GUJARATI/GURMUKHI/TAMIL/TELUGU,पोर्न वीडियो সেক্স ভিডিও सेक्सी फिल्में एक्सएक्सएक्सएक्सएक्स ਸੈਕਸ ਵੀਡੀਓ सेक्सी पिक्चर सेक्स वीडियो हिंदी में फुल सेक्स म
bho,259664,script:BENGALI/GUJARATI/GURMUKHI/TAMIL/TELUGU,সেক্স ভিডিও पोर्न वीडियो सेक्स वीडियो ਸੈਕਸ ਵੀਡੀਓ सेक्सी वीडियो सेक्सी पिक्चर अश्लील सेक्सी पिक्चर मूवी हिंदी सेक्सी मूवी
bho,259665,script:ARABIC/BENGALI/GUJARATI/KANNADA/TAMIL/TELUGU,फिल्म सेक्सी फिल्म ગ્રુપ સેક્સ મફત સેક્સ हिंदी फिल्म सेक्सी फिल्म सेक्सी वीडियो हिंदी सेक्सी मूवी हिंदी सेक्सी मूवी हिंद
bho,259666,script:ARABIC/BENGALI/GUJARATI/KANNADA/TAMIL/TELUGU,हिंदी सेक्सी मूवी हिंदी सेक्सी मूवी फिल्म सेक्सी वीडियो পর্ন তারকা પોર્ન પિક્ચર सेक्सी हिंदी फिल्म સેક્સ મૂવી इंग्लिश मू
bho,259667,script:ARABIC/BENGALI/GUJARATI/TAMIL/TELUGU,सेक्सी हिंदी पिक्चर फिल्म भाभी सेक्स ગુજરાતી ભાભી સેક્સ પોર્ન મૂવી सेक्सी फिल्म हिंदी वीडियो में xx वीडियो ইংলিশ সেক্স س
bho,259668,script:ARABIC/BENGALI/GUJARATI/GURMUKHI/TAMIL/TELUGU,সেক্স ভিডিও पोर्न वीडियो सेक्सी वीडियो सेक्सी पिक्चर सेक्स वीडियो हिंदी सेक्सी मूवी फिल्म अश्लील सेक्सी पिक्चर मूवी ਸੈਕਸ
bho,259669,script:ARABIC/BENGALI/GUJARATI/TAMIL/TELUGU,Phim XXX सेक्सी हिंदी पिक्चर फिल्म सेक्सी फिल्में ইংলিশ সেক্স इंग्लिश सेक्सी मूवी वीडियो પોર્ન મૂવી सेक्सी फिल्म हिंदी व
bho,259670,script:ARABIC/BENGALI/GUJARATI/TAMIL/TELUGU,xx वीडियो सेक्सी फिल्म हिंदी বাংলাxxx सेक्सी फिल्म वीडियो हिंदी हिंदी मूवी सेक्स सेक्सी फिल्म सेक्सी भाभी सेक्स सेक्सी व
bho,259671,script:BENGALI/GUJARATI/KANNADA/TAMIL/TELUGU,xxx বাংলা हिंदी सेक्सी मूवी वीडियो वीडियो फुल सेक्सी मूवी தமிழ் செக்ஸ் வீடியோ वीडियो सेक्सी मूवी सेक्सी સેકસી બીપી વીડીય
bho,259672,script:ARABIC/BENGALI/GUJARATI/GURMUKHI/TAMIL/TELUGU,सेक्स वीडियो ਸੈਕਸ ਵੀਡੀਓ अश्लील हिंदी फुल सेक्सी मूवी xx वीडियो সেক্স ভিডিও सेक्सी वीडियो सेक्सी पिक्चर सेक्सी मूवी हिंदी
bho,259673,script:ARABIC/BENGALI/GUJARATI/GURMUKHI/TAMIL/TELUGU,पोर्न वीडियो সেক্স ভিডিও सेक्स वीडियो ਸੈਕਸ ਵੀਡੀਓ हिंदी फुल सेक्सी मूवी अश्लील सेक्सी वीडियो सेक्सी पिक्चर xx वीडियो सेक्
bho,259818,script:TAMIL,didi ki chudayi blue film telugu गांव की देहाती सेक्सी बीएफ xnxx desi porn क जल क ब एफ katrina kapoor ke sexy video गाने
bho,260037,script:BENGALI/GUJARATI,baap beti ki txxx com gujarati bp sexy भाभी को खेत में चोदा ब्लू फिल्म सेक्स बढ़िया वाली सेक्सी पिक्चर वीडियो ब्लू पिक्च
bho,260038,script:GUJARATI,प ज ब भ भ क च द ई વિડિયો બનાવાની એપલીકેશન blue picture sexy hindi video ब्लू हिंदी सेक्सी फिल्म nangi nangi film sexy vi
bho,260854,script:GUJARATI/TAMIL,ब्लू फिल्म वीडियो में एचडी hot bhabhi chudai hot xxx desi sex com हिंदी ब्लू फिल्म हिंदी भाई बहन का ब्लू पिक्चर सेक्सी व
bho,262141,script:GUJARATI,મરાઠી સેક્સ વીડિયો sexkathalu telugu एक्स एक्स ई सेक्सी बीपी शॉट वीडियो में सेक्सी बीएफ xxx hindi full hd ब्लू सेक्सी ब्
bho,262242,script:BENGALI/GUJARATI/GURMUKHI/TAMIL/TELUGU,सेक्सी वीडियो फिल्म सेक्सी फिल्म हिंदी સેક્સ વીડીયા हिंदी फिल्म सेक्सी सेक्सी वीडियो फुल मूवी फिल्म सेक्सी वीडियो বাংলাx
bho,262243,script:BENGALI/GUJARATI/KANNADA/MALAYALAM/TAMIL,বাংলা xxx xxx বাংলা सेक्सी फिल्म हिंदी में वीडियो सेक्सी वीडियो फिल्म सेक्स फिल्म का वीडियो সেক্সি ভিডিও বাংলা xxx video
bho,262244,script:BENGALI/GUJARATI/GURMUKHI/TAMIL/TELUGU,सेक्सी हिंदी पिक्चर फिल्म हॉट सेक्सी वीडियो सेक्सी फिल्म वीडियो हिंदी फुल सेक्सी मूवी वीडियो தெலுங்கு செக்ஸ் फिल्म वीडिय
bho,262245,script:BENGALI/GUJARATI/KANNADA/MALAYALAM/TAMIL,বাংলা xxx xxx বাংলা सेक्सी फिल्म हिंदी में वीडियो सेक्सी वीडियो फिल्म सेक्स फिल्म का वीडियो সেক্সি ভিডিও বাংলা xxx video
bho,262246,script:BENGALI/GUJARATI/GURMUKHI/TAMIL/TELUGU,सेक्सी वीडियो फुल मूवी हिंदी फिल्म सेक्सी தெலுங்கு செக்ஸ் हिंदी फिल्म सेक्सी फिल्म सेक्सी वीडियो फिल्म सेक्सी फिल्म एचडी
bho,262247,script:BENGALI/GUJARATI/KANNADA/MALAYALAM/TAMIL/TELUGU,पोर्न वीडियो Phim XXX हिंदी सेक्स फिल्म वीडियो सेक्सी फिल्में সেক্সি ভিডিও সেক্স বাংলা xxx video सेक्स मूवी फुल സെക്സി വ
bho,262248,script:BENGALI/GUJARATI/GURMUKHI/TAMIL/TELUGU,सेक्सी वीडियो फिल्म सेक्सी फिल्म हिंदी सेक्सी वीडियो फुल मूवी हिंदी फिल्म सेक्सी સેક્સ વીડીયા फिल्म सेक्सी वीडियो বাংলাx
bho,262249,script:BENGALI/GUJARATI/KANNADA/MALAYALAM/TAMIL,বাংলা xxx सेक्सी वीडियो फिल्म xxx বাংলা সেক্সি ভিডিও सेक्सी फिल्म हिंदी में वीडियो বাংলা xxx video सेक्स फिल्म का वीडियो
bho,262381,script:GUJARATI,indian beauty girl fuck ડ્રેસ ની પેટન भोजपुरी सेक्सी वीडियो बीएफ सेक्सी वीडियो ब्लू फिल्म वीडियो sexy aunty xxx हिंदी वी
bho,262387,script:GUJARATI,રીંગટોન બનાવવા માટે porn videos full hd સેકસી ફોટા મોકલો नंगी सेक्सी हिंदी ब्लू पिक्चर चलने वाली सेक्सी वीडियो सील तोड़न
bho,263018,script:CJK,"जब बौद्ध धम्म के पसार भारत से बहरी हो गइल तऽ एकनी अउरी सभ भासा जइसे बौद्ध चीनी ((फोजीआओ हान्यू, 佛教漢語)) आ तिब्बती मे उलथा"
bho,263479,script:GUJARATI/MALAYALAM,બીપી સેકસી બીપી વીડીયો sexy chudai chudai jemima kirke nudes rab ne bana di jodi movie download indian aunties xxx india
bho,264283,script:BENGALI,ई दिनवा के आसाम में बॉहाग बिहु चाहे रॉङाली बिहु (असमिया: ব’হাগ বিহু বা ৰঙালী বিহু) काहाला।
bho,267855,script:GUJARATI,सेक्स ब्लू सेक्स ब्लू bhabi ki chudai રાજસ્થાની સેક્સ બીપી kinnar ke sath sex video sexy video chodne wala सेक्सी वीडियो
bho,270171,script:TAMIL,chachi bhatija xxx राजस्थानी भाभी के सेक्सी वीडियो हिंदी पिक्चर ब्लू फिल्म மலையாள செக்ஸ் வீடியோக்கள் एक्स एक्स इंडियन से
bho,271660,script:ARABIC/BENGALI/GUJARATI/TAMIL,सेक्सी पिक्चर हिंदी में पोर्न वीडियो தமிழ் செக்ஸ் வீடியோ सेक्सी वीडियो सेक्सी पिक्चर સેક્સી વિડિઓ सेक्सी फिल्म हिंदी वीड
bho,271661,script:BENGALI/GUJARATI/TAMIL/TELUGU,पोर्न वीडियो தமிழ் செக்ஸ் வீடியோ ગુજરાતી ભાભી સેક્સ सेक्सी पिक्चर हिंदी में हिंदी सेक्सी वीडियो सेक्सी मूवी सेक्स वीडियो
bho,271662,script:BENGALI/GUJARATI/TAMIL,हिंदी फिल्म सेक्सी फिल्म தமிழ் செக்ஸ் வீடியோ सेक्सी वीडियो सेक्सी पिक्चर सेक्सी पिक्चर हिंदी में पोर्न वीडियो हिंदी सेक्
bho,271663,script:ARABIC/BENGALI/GUJARATI/KANNADA/TAMIL,সেক্সি ভিডিও सेक्स फिल्म हिंदी मूवी સેકસી બીપી વીડીયો বাংলা xx બીપી વીડીયો સેકસી গরম xxx हिंदी सेक्सी वीडियो अश्लील ಲೈಂಗ
bho,271664,script:ARABIC/BENGALI/GUJARATI/TAMIL,पोर्न वीडियो सेक्सी मूवी फुल एचडी सेक्सी मूवी सेक्सी वीडियो फिल्म हिंदी Phim XXX सेक्सी पिक्चर हिंदी में மலையாள செக்ஸ் સ
bho,271665,script:BENGALI/GUJARATI/TAMIL,हिंदी फिल्म सेक्सी फिल्म सेक्सी वीडियो सेक्सी पिक्चर पोर्न वीडियो தமிழ் செக்ஸ் வீடியோ செக்ஸ் வீடியோ सेक्सी पिक्चर हिंदी 
bho,271666,script:ARABIC/BENGALI/GUJARATI/TAMIL/TELUGU,पोर्न वीडियो हिंदी फिल्म सेक्सी फिल्म সেক্স ভিডিও सेक्सी पिक्चर हिंदी में सेक्सी वीडियो सेक्सी पिक्चर सेक्सी वीडियो फिल्
bho,271667,script:ARABIC/BENGALI/GUJARATI/KANNADA/MALAYALAM/TAMIL,हिंदी सेक्सी वीडियो अश्लील हॉट सेक्सी वीडियो سوپر هندی सेक्सी वीडियो सेक्सी पिक्चर Phim XXX সেক্সি ভিডিও സെക്സി വീഡിയോ स
bho,271668,script:BENGALI/GUJARATI/TAMIL,पोर्न वीडियो தமிழ் செக்ஸ் வீடியோ सेक्सी पिक्चर हिंदी में सेक्सी वीडियो फिल्म हिंदी में सेक्सी पोर्न सेक्सी फिल्में सेक्स
bho,271669,script:ARABIC/BENGALI/GUJARATI/KANNADA/MALAYALAM/TAMIL,सेक्सी पिक्चर हिंदी में सेक्सी वीडियो सेक्सी पिक्चर सेक्सी फिल्में Phim XXX সেক্সি ভিডিও पोर्न वीडियो हिंदी सेक्सी वीडिय
bho,271670,script:BENGALI/GUJARATI/TAMIL,पोर्न वीडियो தமிழ் செக்ஸ் வீடியோ सेक्सी वीडियो फिल्म हिंदी में सेक्सी पोर्न সেক্স ভিডিও सेक्सी पिक्चर हिंदी में સેક્સી વ
bho,271671,script:ARABIC/BENGALI/GUJARATI/TAMIL,पोर्न वीडियो Phim XXX सेक्सी मूवी फुल एचडी सेक्सी मूवी सेक्सी वीडियो फिल्म हिंदी மலையாள செக்ஸ் सेक्सी पिक्चर हिंदी में પ
bho,271672,script:BENGALI/GUJARATI/TAMIL/TELUGU,हिंदी फिल्म सेक्सी फिल्म தமிழ் செக்ஸ் வீடியோ सेक्सी पिक्चर हिंदी में सेक्सी वीडियो सेक्सी पिक्चर पोर्न वीडियो हिंदी सेक्
bho,271673,script:ARABIC/BENGALI/GUJARATI/TAMIL,Phim XXX सेक्सी वीडियो फिल्म हिंदी सेक्सी मूवी फुल एचडी सेक्सी मूवी மலையாள செக்ஸ் सेक्सी वीडियो मूवी हिंदी में सेक्सी फि
bho,271674,script:ARABIC/BENGALI/GUJARATI/MALAYALAM/TAMIL,हॉट सेक्सी वीडियो സെക്സി വീഡിയോ Phim XXX அம்மா செக்ஸ் सेक्सी वीडियो फिल्म हिंदी सेक्सी मूवी हिंदी செக்ஸ் வீடியோ हिंदी मे
bho,271675,script:ARABIC/BENGALI/GUJARATI/MALAYALAM/TAMIL/TELUGU,हॉट सेक्सी वीडियो Phim XXX સેકસી सेक्सी फिल्म सेक्सी फिल्म தமிழ் செக்ஸ் வீடியோ सेक्स मूवी फुल हिंदी में सेक्सी फिल्म वीड
bho,271676,script:ARABIC/BENGALI/GUJARATI/TAMIL,सेक्सी पिक्चर हिंदी में सेक्सी वीडियो सेक्सी पिक्चर সেক্সি ভিডিও ইংলিশ সেক্স સેક્સી વિડિઓ सेक्सी फिल्म हिंदी वीडियो में 
bho,271677,script:ARABIC/BENGALI/GUJARATI/TAMIL,पोर्न वीडियो தமிழ் செக்ஸ் வீடியோ सेक्सी फिल्में Phim XXX বাংলা xxx પોર્ન મૂવી सेक्सी फिल्म दिखाएं सेक्स हिंदी मूवी सेक्स
bho,271678,script:ARABIC/BENGALI/GUJARATI/TAMIL/TELUGU,বাংলা xxx video தமிழ் செக்ஸ் வீடியோ Phim XXX বাংলা xxx सेक्सी फिल्में सेक्सी फिल्म सेक्सी फिल्म सेक्सी मूवी फुल एचडी सेक
bho,271679,script:ARABIC/BENGALI/GUJARATI/TAMIL/TELUGU,हिंदी फिल्म सेक्सी फिल्म पोर्न वीडियो সেক্স ভিডিও सेक्सी पिक्चर हिंदी में தமிழ் செக்ஸ் வீடியோ सेक्सी वीडियो सेक्सी पिक्च
bho,271680,script:ARABIC/BENGALI/GUJARATI/TAMIL,सेक्सी वीडियो सेक्सी पिक्चर सेक्सी पिक्चर हिंदी में हिंदी सेक्सी वीडियो ইংলিশ সেক্স पोर्न वीडियो সেক্সি ভিডিও فيلم جنس P
bho,271681,script:ARABIC/BENGALI/GUJARATI/TAMIL,पोर्न वीडियो सेक्सी पिक्चर हिंदी में தமிழ் செக்ஸ் வீடியோ सेक्सी वीडियो सेक्सी पिक्चर સેક્સી વિડિઓ सेक्सी वीडियो फिल्म हि
bho,271682,script:ARABIC/BENGALI/GUJARATI/TAMIL/TELUGU,Phim XXX सेक्सी वीडियो फिल्म पोर्न वीडियो हिंदी सेक्सी वीडियो सेक्सी फिल्में தமிழ் செக்ஸ் வீடியோ ગુજરાતી ભાભી સેક્સ સેક્
bho,273873,script:GUJARATI,नंगी बीएफ पिक्चर हिंदी में बीएफ फिल्म सेक्सी nangi ladki ki chudai कॉलेज की लड़की का बीएफ चूत चुदाई हिंदी bf sexy video 
bho,273905,script:GUJARATI/KANNADA,indian xxx video full hd ह द बफ हद व ड य भाभी के साथ भाई बहन की सेक्स sexvideo com hd मराठी भाभी सेक्सी સેક્સ ચૂદાઈ વિડી
bho,274630,script:GUJARATI/TAMIL,क ल गर ल क र त भर च द ई ki बुर चुदाई सेक्सी वीडियो baap beti ki chudai ka video sexxx hd videos hd bf video एक्स एक्स एक
bho,274854,script:BENGALI,कर्णफूली नदी या कर्णफुली नदी (बंगाली: কর্ণফুলি) भारत के मिजोरम राज्य के लुशाई पहाड़ी से निकल के आगे बांग्लादेश के चटगाँव
bho,274900,script:GUJARATI,ઇંગ્લીશ સેક્સ વીડિયોસ सास की चुदाई का वीडियो ब्लू फिल्म नंगी चोदने वाली एक्स एक्स एक्स वीडियो सीजी बीएफ हिंदी में एचडी म
bho,275098,script:GUJARATI,મરાઠી સેક્સ વીડિયો anastasia lux x hamster एक्स एक्स ई सेक्सी बीपी शॉट वीडियो में सेक्सी बीएफ xxx hindi full hd ब्लू सेक
bho,275134,script:GUJARATI,सेक्सी ब्लू पिक्चर वीडियो सनी लियोन एचडी वीडियो सेक्सी भोजपुरी बुर चुदाई नंगी ब्लू पिक्चर हिंदी में दीदी की चुदाई સુપર સ
bho,281372,script:BENGALI,free download indian porn videos সানি লিওনের সেক্সি ভিডিও xxx video black and white नई हिंदी ब्लू फिल्म jabardasti chuda
bho,281551,script:GUJARATI,મરાઠી સેક્સ વીડિયો rocket singh full movie download filmyzilla एक्स एक्स ई सेक्सी बीपी शॉट वीडियो में सेक्सी बीएफ xxx hi
bho,281552,script:GUJARATI,बीएफ एचडी वीडियो सेक्सी એપ્લિકેશન ફોટા બનાવાની દેશી ભાભી બીપી devar bhabhi sexy video desi chut photo aadami aadami ki c
bho,286295,script:GUJARATI,हिंदी में चुदाई चुदाई छोटी चूत में बड़ा लंड सेक्सी बफ फिल्म xxx 18hot com वीडियो ब्लू फिल्म xxxx desi hindi સની લિયોનીના
bho,287516,script:TAMIL,बीपी सेक्सी पिक्चर व्हिडिओ भाभी की चुदाई सेक्सी वीडियो muslim ladki ki blue film முஸ்லிம் செக்ஸ் வீடியோஸ் स्कूल लव स्टोर
bho,287517,script:GUJARATI/TELUGU,కన్నడ సెక్స్ కన్నడ సెక్స్ కన్నడ సెక్స్ अंग्रेजी सेक्सी चुदाई xxx sexy videos full hd telugu sexy photo kamasutra positio
bho,287561,script:GUJARATI,office xxx video gujarati sexy picture video મુસ્લિમ સેકસી વીડીયા xxx sax videos बीएफ सेक्सी एचडी mia khalifa xxx new vi
bho,289137,script:GUJARATI,ब्लू पिक्चर भेजो हिंदी में south indian auntysex xxx ullu web series julia roberts nude सविता भाभी डॉट कॉम xxx hd punjab
bho,289556,neardup+script:GUJARATI,हिंदी सेक्सी ब्लू हिंदी सेक्सी ब्लू love story movie movierulz મુસ્લિમ બીપી વીડીયો x fsi video hd new new pron videos गा
bho,289557,script:GUJARATI,kuwari ladki ki chudai ka video ब्लू सेक्सी पिक्चर ब्लू सेक्सी पिक्चर bhai behen xxx एक्स एक्स एक्स गर्ल्स वीडियो ब्लू म
bho,290259,script:GUJARATI,hindi me xxx સેકસી ક્રાઈમ બ્રાન્ચ 20241 chachikichut ki picture jolee love bbc सेक्सी चोदने वाली सेक्सी bhojpuri blue pi
bho,291704,neardup,हमार कलिग लोग के भी आँखि भरि आइल.
bho,291706,neardup,ओकरा तीन गो लइकी रही सन आ एकहूँ के अभी बियाह ना भइल रहे.
bho,291707,neardup,ओह गरीब परिवार के कमाई के साधन बस ईहे नोकरी रहे.
bho,291710,neardup,सेंगर जी के ब्लड ग्रुप मैच करत रहे.
bho,291711,neardup,ऊ बिना घरे केहू के बतवले चुपचाप आपन किडनी ओह आदमी के दान क दिहले.
bho,291713,neardup,ई राज घरे तब खुलल जब उनुका सङ के पढ़ल एगो डॉक्टर घरे आइल आ बचपनवाला स्टाइल में मुक्का-मुक्की शुरू कइलस.
bho,291717,neardup,आजु ओह आदमी के मए लइकी बियहा के ससुरा चलि गइली सन आ ऊहो सामान्य जीवन जी रहल बा.
bho,291721,neardup,कालिदास सर अपना एगो मित्र के अनुभव शेयर कइलीं.
bho,291723,neardup,एक दिन ट्रेन में जवन बैग लेके बइठल रहन ओकर एक ओर के थोरे सिलाई टूटल रहे.
bho,291724,neardup,एगो जापानी नागरिक के ओ पर नजर चलि गइल रहे.
bho,291725,neardup,ऊ जब देखलसि कि ई ओने नइखन देखत त अपना बैग में से निडिलवाला मशीन निकललसि आ उनुकर आँखि बचावत बेगवा सी दिहलसि.
bho,291726,neardup,अभी इनकर ध्यान ओह पर जाइत कि ओकरा पहिलहीं ओकर स्टेशन आ गइल आ बिना कुछ बतवले चुपचाप उतरि गइल.
bho,291727,neardup,जहाँ का बच्चा-बच्चा में एह तरह के नैतिक मूल्य भरल गइल बा ओह देश के तरक्की भला कइसे रुकी ?
bho,291730,neardup,हम दू महीना पहिले आग्रह कइले रहीं खास करके उहेंवाला स्तंभ पढ़े खातिर.
bho,291733,neardup,एकरा पीछा ईहो एगो कारन हो सकेला कि दू साल पहिले हम गोवा जाके लीडरशिप के ट्रेनिंग लेले रहीं.
bho,291734,neardup,अबहिंयो याद बा जब हमनीके मए साथी का मुँह से ईहे निकलल रहे कि कम से कम एक हप्ता अउर ट्रेनिंग के अवधि बढ़ि गइल रहित.
bho,291738,neardup,"हमनी के अतना विश्वास हो गइल रहे कि कवनो विद्यार्थी के आसानी से पटरी पर ले आइल जा सकता, संसार के कवनो रोग से बिना दवा खइल"
bho,291743,neardup,रंग में हई गड़बड़ी होले त मिठाई हइसे बनतारी सन आजु-काल्हु.
bho,291745,neardup,हमरा आजु तक ना बुझाइल कि हमनी का खाली टिप्पणिए देबे खातिर पैदा भइल बानी जा कि कुछु करबो करबि जा.
bho,291747,neardup,रंगे से त होली हटे आ किसिम किसिम का रंगे से त जिनिगी बनेले.
bho,291752,neardup,ई नीमन ना कहाई कि लेखको लोग अब सवाल का घेरा में आवे लगलन.
bho,291753,neardup,ई का भइल कि जब देश में सब ठीकठाक बा त केहूँ के अनकस बरे लागता आ तनिक चिंताजनक भइला पर बिल्कुल मौन माने सभ नीमन चल रहल बा
bho,291755,neardup,"अउर त अउर, जेकरा अनुशासनहीनता के दुष्प्रभाव देश भर के छात्रन पर पड़ रहल बा ओकरा के महिमामंडित करे में रउरा तनिको आहस ना "
bho,291756,neardup,"ई सभ जानता कि तरह-तरह के तर्क बनाम गलथेथई से कुछ बने ना, बिगड़बे करेला."
bho,291757,neardup,हमरा खयाल से हमनी सभ लेखकन के राजनीति आ गोलबंदी से अलगे रहेके चाहीं.
bho,291758,neardup,आजुओ लेखक लोगन पर से लोगन के भरोसा नइखे हटल.
bho,291759,neardup,एह घरी भोजपुरी के बहुत बिचित्र स्थिति हो गइल बा.
bho,291760,neardup,जेकरे मन आवता ऊ अश्लील कहि देता भा दागदार बता देता.
bho,291761,neardup,एह विषय पर ना चाहते हुए भी हमहूँ लिखलीं आ परिचर्चो आयोजित कइलीं.
bho,291762,neardup,भोजपुरी बीर आ बहादुर लोगन के भाषा हटे.
bho,291764,neardup,सुनतानी कि कहीं-कहीं सरकारी फरमानो जारी होखे लागल बा आउर कुछ लोग त कानूने बनवावे पर आमादा हो गइल बाड़न.
bho,291765,neardup,कहीं अइसन मत होखे कि एंटीबायोटिक का प्रयोग से ऊहो बैक्टीरिया मरि जा सन जवन हमनीके शरीर का सहज सुभाव के रक्षा करेलन स.
bho,291766,neardup,एही विषय पर बक्सर में एक बेर मनोज चौबे जी से बात होत रहे.
bho,291767,neardup,उहाँका कहलीं कि आजु-काल्हु एकर झंडा उठाके जेतना लोग चल रहल बा ओहमें ऊहो लोग शामिल बा जे एह समस्या का मूल में बा.
bho,291774,neardup,जरूरी ईहो बा कि जवन काम हो रहल बा ओकरा के कम से कम झंडावाला लोग जरूर पढ़सु.
bho,291776,neardup,एह तरह के आचरण संस्कृति के विषय होला आ नैतिकता के परिसीमन आ नियंत्रण परिवारे आ समाज से शुरू होला.
bho,292259,script:GUJARATI,મરાઠી સેક્સ વીડિયો hindi sex story antarvasna एक्स एक्स ई सेक्सी बीपी शॉट वीडियो में सेक्सी बीएफ xxx hindi full hd ब्लू 
bho,292686,script:GUJARATI,xx hindi sexy video नंगी फिल्म सेक्सी www xnxx videi com पोर्न सेक्स वीडियो हिंदी में chut ki kiss bangla blue film vide
bho,292687,script:BENGALI,बीपी सेक्स मूवी देसी बीएफ देसी बीएफ देसी बीएफ sexy kajol bhabhi सेक्सी वीडियो बीपी सेक्सी www xxx video com in डब्लू डब्
bho,293093,script:GREEK,"दुनु एक दूसरा में रूपान्तरित हो सकेला, आईंस्टीन के सूत्र ;म्त्र Δउब2 द्ध से ई बात दरषावल गईल बा।"
bho,294059,script:ARABIC,औरतों की नंगी फोटो Sanelion 2019xxxvideos تنزيل السودان سكس Xxxx बुआ भतीजा गी V Www Xxxjabar Jastrep.com Xxxdesi Romati 
bho,294774,script:GREEK,"कोरोना चाहे कॉरोना (अंगरेजी: corona; यूनानी भाषा मूल κορώνη से उपजल लातीनी शब्द जेकर मतलब ""मुकुट"" होला) प्लाज्मा के आभाम"
bho,294982,script:GUJARATI,हिंदी में ब्लू फिल्म ब्लू फिल्म देवर भाभी एक्स एक्स एक्स dase bhabi hot sex photos ફુલ સેક્સ મૂવી सेक्सी चुदाई व्हिडिओ b
bho,295159,script:TAMIL,ब्लू पिक्चर वीडियो दिखाएं sunny leone and joni porn hd photo माँ बेटे की चुदाई हिंदी में देसी गांड चुदाई bf film bf film
bho,295841,script:GUJARATI,sexy picture choda chodi wala bengali bf xxx hindi bf bhejo हिंदी पिक्चर चुदाई वाली xxx photos of bollywood actress fuck
bho,296169,script:GUJARATI/TAMIL,देहाती बीएफ सेक्सी હિન્દી સેક્સી પિક્ચર ડ્રેસ ના ફોટા jabardasti xxx video अंग्रेजी बीएफ अंग्रेजी बीएफ अंग्रेजी बीएफ tea
bho,296877,script:BENGALI/GUJARATI,desi hot xxx બીપી સેક્સ ઓપન bhai bahan ka chudai romantic xnxx videos विदेशी लड़की की सेक्सी वीडियो বাংলা থ্রি এক্স देवर
bho,297250,script:BENGALI,sexy video calling चुदाई सेक्सी चुदाई सेक्सी সেক্স ভিডিও ইন্ডিয়া bhabhi porn movies hindi audio porn videos हिंदी गाने 
bho,297251,script:GUJARATI,chut mein land kaise dala jata hai तमिल बीएफ वीडियो हिंदी सेक्सी बीएफ चुदाई बीएफ वीडियो चाहिए बीएफ वीडियो સેક્સી બીએફ વિ
bho,297378,script:GUJARATI/TELUGU,కన్నడ సెక్స్ కన్నడ సెక్స్ కన్నడ సెక్స్ अंग्रेजी सेक्सी चुदाई xxx sexy videos full hd telugu sexy photo sex padam sex pad
bho,297446,neardup,"(संजय शाश्वत वरिष्ठ पत्रकार हैं, आलेख में लिखे विचार उनके निजी हैं.)"
bho,298271,script:BENGALI,new porn xxx videos sunny leone xxx sexy movie सेक्सी बीएफ फिल्म वीडियो में देसी सेक्सी व्हिडिओ bahan ki chudayi चाची की
bho,299886,script:GUJARATI,સેક્સ વિડીયો મોકલો old man bf ब्लू फिल्म चुदाई वाली हिंदी में kutiya ki chudai सेक्सी बीपी वीडियो मराठी एक्स एक्स एक्स व
bho,299887,script:GUJARATI,सेक्सी वीडियो हिंदी में ब्लू फिल्म सेक्सी वीडियो भाई बहन के hindi chudai videos एक्स एक्स एक्स एक्स एक्स पिक्चर tuck jag
bho,300186,script:GUJARATI,जापानी एक्स एक्स एक्स वीडियो भोजपुरी बीएफ सेक्स बड़े बड़े दूध वाली लड़की भोजपुरी एक्स एक्स एक्स सेक्सी english blue film
bho,300190,script:BENGALI/GUJARATI/GURMUKHI/TAMIL/TELUGU,हिंदी सेक्सी फुल मूवी एचडी காம வீடியோ सेक्स फिल्म मूवी सेक्सी फिल्म सेक्सी फिल्म सेक्सी सेक्सी हिंदी फुल मूवी हिंदी सेक्
bho,300191,script:BENGALI/GUJARATI/GURMUKHI/TAMIL,हॉट सेक्सी वीडियो સેક્સી વિડિઓ தெலுங்கு செக்ஸ் सेक्सी मूवी वीडियो एचडी हिंदी सेक्सी फिल्म हिंदी सेक्सी फिल्म સેક્સી વિડિ
bho,300192,script:ARABIC/BENGALI/GUJARATI/GURMUKHI/TAMIL/TELUGU,فيلم جنس हिंदी सेक्सी वीडियो தமிழ் செக்ஸ் வீடியோ গরম xxx સેક્સી વિડિઓ सेक्सी हिंदी पिक्चर फिल्म সেক্স ভিডিও પોર્ન મૂવીઝ 
bho,300193,script:BENGALI/GUJARATI/GURMUKHI/TAMIL,தெலுங்கு செக்ஸ் सेक्सी वीडियो फिल्म हिंदी में પોર્ન ફિલ્મ हिंदी सेक्सी फिल्म हिंदी सेक्सी फिल्म सेक्सी मूवी वीडियो एचडी 
bho,301074,script:ARABIC,विधु विनोद चोपड़ा के फिलिम ࢭ“शिकारा”अइसने दूगो शरनार्थियन शिव कुमार धर आ शांति धर के कहानी बा।
bho,301900,script:GUJARATI,"मोहनदास करमचन्द गांधी (गुजराती: મોહનદાસ કરમચંદ ગાંધી, (2 अक्टुबर 1869 से 30 जनवरी 1948) इहाँ के महात्मा गांधी नाम से भी "
bho,302339,script:GUJARATI,ટ્રેન નો સમય sexy film bhej do ब्लू सेक्सी हिंदी वीडियो bengali xx video com सनी लियोन की बीएफ पिक्चर damad ne saas ko c
bho,304545,script:ARABIC,تحميل مقاطع سكس قصيره فض غشا Xxx Gl Sawut Secshe Www.dexi.Viyf.XXXXcom Xxx.com सेक्स वीडियो सेक्स जानवर का सेक्सी नंगा स
bho,304546,script:ARABIC,Ka Bedeo Punjad.sxxxc Xnx Bido Mathlee सेक सेक बिडीओ Ses2050 حمار ينيك بنات ورجالة سكس मराठी साडी विला सेसी हीडियो FLO X
bho,304685,script:ARABIC/BENGALI/GUJARATI/KANNADA/TAMIL/TELUGU,हॉट सेक्सी वीडियो தமிழ் செக்ஸ் வீடியோ सेक्सी फिल्में पोर्न वीडियो सेक्सी वीडियो सेक्सी पिक्चर বাংলা xxx video સેક્સી વિડ
bho,304686,script:BENGALI/GUJARATI/TAMIL/TELUGU,தமிழ் செக்ஸ் வீடியோ बीपी सेक्स फिल्म સેક્સી વિડિઓ हिंदी सेक्सी वीडियो फुल मूवी हिंदी सेक्सी फिल्म हिंदी सेक्सी செக்ஸ் வீ
bho,304687,script:BENGALI/GUJARATI/TAMIL/TELUGU,सेक्सी पिक्चर हिंदी में सेक्सी फिल्में इंग्लिश मूवी सेक्सी हिंदी में सेक्सी फिल्म सेक्सी भाभी वीडियो सेक्सी हिंदी पिक्चर
bho,304688,script:BENGALI/GUJARATI/TAMIL/TELUGU,बीपी सेक्स फिल्म தமிழ் செக்ஸ் வீடியோ हिंदी सेक्सी वीडियो फुल मूवी સેક્સી વિડિઓ मूवी सेक्सी बीएफ सेक्सी वीडियो सेक्सी पिक
bho,304689,script:GUJARATI/TAMIL/TELUGU,தமிழ் செக்ஸ் வீடியோ बीपी सेक्स फिल्म हिंदी सेक्सी वीडियो फुल मूवी સેક્સી વિડિઓ मूवी सेक्सी बीएफ फिल्म सेक्सी वीडियो सेक्
bho,304690,script:ARABIC/GUJARATI/KANNADA/TAMIL/TELUGU,सेक्सी वीडियो सेक्सी पिक्चर தமிழ் செக்ஸ் வீடியோ हिंदी में सेक्सी फिल्म सेक्सी फिल्में सेक्सी वीडियो फिल्म फिल्म सेक्सी व
bho,304691,script:ARABIC/BENGALI/GUJARATI/KANNADA/TAMIL/TELUGU,हॉट सेक्सी वीडियो सेक्सी वीडियो सेक्सी पिक्चर தமிழ் செக்ஸ் வீடியோ सेक्सी फिल्में पोर्न वीडियो বাংলা xxx video फिल्म सेक्
bho,304692,script:BENGALI/GUJARATI/MALAYALAM/TAMIL,தமிழ் செக்ஸ் வீடியோ फिल्म सेक्सी वीडियो बीपी सेक्स फिल्म સેક્સી વિડિઓ हिंदी सेक्सी फिल्म हिंदी सेक्सी सेक्सी फिल्में हिं
bho,304693,script:ARABIC/BENGALI/GUJARATI/TAMIL/TELUGU,தமிழ் செக்ஸ் வீடியோ बीपी सेक्स फिल्म सेक्सी वीडियो सेक्सी पिक्चर सेक्स वीडियो સેક્સી વિડિઓ फिल्म सेक्सी वीडियो فيلم جنس 
bho,304694,script:BENGALI/GUJARATI/KANNADA/MALAYALAM/TAMIL/TELUGU,தமிழ் செக்ஸ் வீடியோ बीपी सेक्स फिल्म સેક્સી વિડિઓ सेक्सी हिंदी पिक्चर फिल्म फिल्म सेक्सी वीडियो देसी सेक्सी वीडियो সেক্স
bho,304695,script:BENGALI/GUJARATI/MALAYALAM/TAMIL/TELUGU,தமிழ் செக்ஸ் வீடியோ बीपी सेक्स फिल्म फिल्म सेक्सी वीडियो સેક્સી વિડિઓ सेक्सी हिंदी पिक्चर फिल्म सेक्सी फिल्में हिंदी सेक
bho,304696,script:ARABIC/BENGALI/GUJARATI/TAMIL/TELUGU,தமிழ் செக்ஸ் வீடியோ बीपी सेक्स फिल्म सेक्सी वीडियो सेक्सी पिक्चर सेक्स वीडियो સેક્સી વિડિઓ फिल्म सेक्सी वीडियो فيلم جنس 
bho,306014,script:GUJARATI,टीना सेक्सी वीडियो चूत सेक्स वीडियो bokep indo colmek indian x video brother and sister bf videos ब्लू पिक्चर सेक्सी ब्ल
bho,306620,script:GUJARATI,indian porn xx hinde sex video बीएफ सेक्सी ब्लू फिल्म वीडियो blue film dikhao blue film dikhao સેક્સ વીડીયો ઓપન xxtenati
bho,306674,script:ARABIC/BENGALI/GUJARATI/TAMIL/TELUGU,સેકસી વીડિયો ترکی سکسی सेक्स फिल्म मूवी বাংলাচুদাচুদি বাংলা চুদাচুদি ভিডিও চুদাচুদি सनी लियोन सेक्सी मूवी वीडियो भाषाओं 
bho,306675,script:ARABIC/BENGALI/GUJARATI/MALAYALAM/TAMIL/TELUGU,સેકસી વીડિયો இந்திய செக்ஸ் سوپر هندی बीपी सेक्सी वीडियो फिल्म বাংলাদেশী সেক্স ভিডিও হট ভিডিও সেক্স सेक्सी फिल्म हिंदी वी
bho,308606,script:TAMIL,विदेशी सेक्सी वीडियो फुल एचडी हिंदी मूवी सेक्सी ब्लू फिल्म செக்ஸ் வீடியோ பிச்சர் बड़े लंड से चूत की चुदाई nayanthara sex
bho,308735,script:GUJARATI,sexy video local बड़े लंड वाली सेक्सी वीडियो कुंवारी लड़की की चुदाई हिंदी में suhagrat wali sexy video देवर भाभी के वीडि
bho,308981,script:GUJARATI,जापानी एक्स एक्स एक्स वीडियो भोजपुरी बीएफ सेक्स बड़े बड़े दूध वाली लड़की भोजपुरी एक्स एक्स एक्स सेक्सी english blue film
bho,311437,script:GUJARATI,indian sister xxx mama ki ladki ko choda malkin ki jawani द ह त ब ल प क चर द ह त ब ल प क चर sexy xxx hd देसी चुदाई बीएफ 
bho,313707,script:BENGALI,ब्लू फिल्म चुदाई वाली सेक्सी sexy xnxxx my teacher my crush full movie online देवर भाभी के देशी सेक्सी व्हिडिओ sex girl 
bho,314821,script:ARABIC/BENGALI/GUJARATI/KANNADA/TAMIL/TELUGU,செக்ஸ் வீடியோ पोर्न वीडियो हिंदी सेक्सी वीडियो सेक्सी फिल्म सेक्सी फिल्म सेक्सी फिल्म সেক্স ভিডিও సెక్స్ వీడియో বাংলা xx
bho,314822,script:ARABIC/BENGALI/GUJARATI/KANNADA/TAMIL,Phim XXX हिंदी सेक्सी वीडियो मूवी সেক্স ভিডিও पोर्न वीडियो সেক্সি ভিডিও फुल सेक्सी मूवी वीडियो सेक्सी वीडियो फिल्म हिंदी
bho,314823,script:ARABIC/BENGALI/GUJARATI/KANNADA/TAMIL/TELUGU,செக்ஸ் வீடியோ पोर्न वीडियो हिंदी सेक्सी वीडियो सेक्सी फिल्म सेक्सी फिल्म सेक्सी फिल्म সেক্স ভিডিও సెక్స్ వీడియో বাংলা xx
bho,314824,script:ARABIC/BENGALI/GUJARATI/KANNADA/MALAYALAM/TAMIL/TELUGU,हिंदी सेक्सी वीडियो বাংলা xxx সেক্স ভিডিও செக்ஸ் வீடியோ సెక్స్ వీడియో हिंदी मूवी सेक्स सेक्स फिल्म मूवी पोर्न वीडियो सेक
bho,314825,script:ARABIC/BENGALI/GUJARATI/KANNADA/TAMIL/TELUGU,செக்ஸ் வீடியோ हिंदी सेक्सी वीडियो पोर्न वीडियो সেক্স ভিডিও సెక్స్ వీడియో বাংলা xxx सेक्सी फिल्म सेक्सी फिल्म सेक्सी फिल्
bho,314826,script:BENGALI/GUJARATI/GURMUKHI/KANNADA/TAMIL/TELUGU,সেক্স ভিডিও पोर्न वीडियो हिंदी सेक्सी वीडियो हिंदी फिल्म सेक्सी செக்ஸ் வீடியோ বাংলা xxx ગુજરાતી પોર્ન सेक्सी फिल्म हिंदी
bho,314827,script:ARABIC/BENGALI/GUJARATI/MALAYALAM/TAMIL/TELUGU,सेक्सी फिल्में पोर्न वीडियो सेक्सी वीडियो सेक्सी पिक्चर தமிழ் செக்ஸ் வீடியோ हिंदी सेक्सी मूवी एचडी బిఎఫ్ సెక్స్ వీడియో ह
bho,314828,script:ARABIC/BENGALI/GUJARATI/KANNADA/MALAYALAM/TAMIL/TELUGU,पोर्न वीडियो हिंदी सेक्सी वीडियो செக்ஸ் வீடியோ हिंदी में सेक्सी फिल्म वीडियो সেক্স ভিডিও हॉट सेक्सी वीडियो सेक्स फिल्म क
bho,314829,script:BENGALI/GUJARATI/GURMUKHI/KANNADA/MALAYALAM/TAMIL/TELUGU,हिंदी सेक्सी वीडियो বাংলা xxx সেক্স ভিডিও సెక్స్ వీడియో पोर्न वीडियो செக்ஸ் வீடியோ தமிழ் செக்ஸ் வீடியோ સેક્સી વિડિઓ हिंद
bho,314830,script:BENGALI/GUJARATI/GURMUKHI/KANNADA/TAMIL/TELUGU,हिंदी सेक्सी वीडियो செக்ஸ் வீடியோ தமிழ் செக்ஸ் வீடியோ पोर्न वीडियो সেক্স ভিডিও సెక్స్ వీడియో हिंदी फिल्म सेक्सी फिल्म સે
bho,314831,script:ARABIC/BENGALI/GUJARATI/KANNADA/TAMIL/TELUGU,செக்ஸ் வீடியோ हिंदी सेक्सी वीडियो पोर्न वीडियो সেক্স ভিডিও సెక్స్ వీడియో सेक्सी फिल्म सेक्सी फिल्म सेक्सी फिल्म বাংলা xx
bho,314832,script:ARABIC/BENGALI/GUJARATI/KANNADA/TAMIL,Phim XXX সেক্স ভিডিও हिंदी सेक्सी वीडियो मूवी सेक्सी वीडियो फिल्म हिंदी मूवी फुल सेक्सी मूवी वीडियो সেক্সি ভিডিও हिंदी फ
bho,314833,script:BENGALI/GUJARATI/GURMUKHI/KANNADA/MALAYALAM/TAMIL/TELUGU,हिंदी सेक्सी वीडियो সেক্স ভিডিও हिंदी फिल्म सेक्सी पोर्न वीडियो செக்ஸ் வீடியோ ગુજરાતી પોર્ન বাংলা xxx ಲೈಂಗಿಕ ವೀಡಿಯೊಗಳು स
bho,314834,script:ARABIC/BENGALI/GUJARATI/GURMUKHI/KANNADA/TAMIL/TELUGU,हिंदी सेक्सी वीडियो Phim XXX बीपी सेक्स फिल्म সেক্সি ভিডিও বাংলা xxx सेक्सी वीडियो फिल्म हिंदी ਸੈਕਸ ਵੀਡੀਓ सेक्सी हिंदी प
bho,314835,script:BENGALI/GUJARATI/GURMUKHI/KANNADA/TAMIL/TELUGU,हिंदी सेक्सी वीडियो செக்ஸ் வீடியோ पोर्न वीडियो தமிழ் செக்ஸ் வீடியோ সেক্স ভিডিও సెక్స్ వీడియో સેક્સી વિડિઓ हिंदी फिल्म से
bho,314836,script:ARABIC/BENGALI/GUJARATI/KANNADA/MALAYALAM/TAMIL/TELUGU,हिंदी सेक्सी वीडियो বাংলা xxx সেক্স ভিডিও पोर्न वीडियो செக்ஸ் வீடியோ సెక్స్ వీడియో સેક્સી વિડિઓ தமிழ் செக்ஸ் வீடியோ हिंद
bho,314837,script:BENGALI/GUJARATI/GURMUKHI/KANNADA/MALAYALAM/TAMIL/TELUGU,हिंदी सेक्सी वीडियो সেক্স ভিডিও पोर्न वीडियो செக்ஸ் வீடியோ हिंदी फिल्म सेक्सी বাংলা xxx ગુજરાતી પોર્ન ಲೈಂಗಿಕ ವೀಡಿಯೊಗಳು स
bho,314838,script:BENGALI/GUJARATI/KANNADA/TAMIL/TELUGU,हिंदी सेक्सी वीडियो पोर्न वीडियो தமிழ் செக்ஸ் வீடியோ செக்ஸ் வீடியோ हिंदी फिल्म सेक्सी फिल्म સેક્સી વિડિઓ সেক্স ভিডিও सेक
bho,314839,script:ARABIC/BENGALI/GUJARATI/KANNADA/TAMIL/TELUGU,हिंदी सेक्सी वीडियो செக்ஸ் வீடியோ पोर्न वीडियो সেক্স ভিডিও సెక్స్ వీడియో বাংলা xxx सेक्सी फिल्म सेक्सी फिल्म सेक्सी फिल्
bho,316829,neardup,Jharkhand 20-20 | Jharkhand की 20 बड़ी ख़बरें फटाफट अंदाज़ में | Top Headlines | 2 Dec 2022
bho,317738,neardup,"(रामशंकर कुशवाहा वरिष्ठ पत्रकार हैं, आलेख में लिखे विचार उनके निजी हैं.)"
bho,318978,script:GUJARATI,न्यू सेक्सी ब्लू फिल्म देसी नंगी चुदाई bangladeshi bangla chuda chudi भोजपुरी में सेक्सी वीडियो बीएफ xxx bideo hindi અમે
bho,320301,script:KANNADA,bhojpuri choda chodi चूत की फोटो चूत की फोटो dil mera chahe song download desi xxx aunty कुमारी लड़की के बीएफ sunny leon
bho,321236,script:ARABIC/BENGALI/GUJARATI/GURMUKHI/KANNADA/TAMIL,ইংলিশ সেক্স सेक्सी वीडियो फिल्म इंग्लिश सेक्सी फिल्म मूवी ਸੈਕਸ ਵੀਡੀਓ सेक्सी मूवी एचडी हिंदी ஆண் பெண் செக்ஸ் सेक्सी वीडिय
bho,321237,script:ARABIC/BENGALI/GUJARATI/KANNADA/TAMIL,सेक्सी मूवी एचडी हिंदी सेक्सी फिल्म हिंदी में सेक्सी नेपाली ગ્રુપ સેક્સ सेक्सी मूवी फुल हिंदी सेक्सी वीडियो फुल मूवी हिं
bho,321238,script:ARABIC/BENGALI/GUJARATI/KANNADA/TAMIL,সেক্সি ভিডিও সেক্স ভিডিও सेक्सी मूवी एचडी हिंदी सेक्सी फिल्म की मूवी সেক্সি গার্ল परिपक्व यौन देसी सेक्स காம செக்ஸ் सेक्
bho,321239,script:ARABIC/BENGALI/GUJARATI/KANNADA/TAMIL,पोर्न वीडियो सेक्सी फिल्म हिंदी फुल एचडी ஆபாச படம் सेक्सी वीडियो हिंदी में सेक्सी पिक्चर सेक्सी पिक्चर मूवी हिंदी सेक्सी
bho,321240,script:ARABIC/BENGALI/GUJARATI/GURMUKHI/KANNADA/TAMIL,ইংলিশ সেক্স सेक्सी वीडियो फिल्म इंग्लिश सेक्सी फिल्म मूवी ஆபாச படம் सेक्सी फिल्म हिंदी में সেক্সি ভিডিও ਸੈਕਸ ਵੀਡੀਓ सेक्स
bho,321241,script:ARABIC/BENGALI/GUJARATI/KANNADA/TAMIL,सेक्सी मूवी एचडी हिंदी सेक्सी नेपाली सेक्सी फिल्म हिंदी में ગ્રુપ સેક્સ அம்மா செக்ஸ் पोर्न वीडियो सेक्सी वीडियो फिल्म से
bho,321242,script:ARABIC/BENGALI/GUJARATI/GURMUKHI/KANNADA/TAMIL/TELUGU,ইংলিশ সেক্স सेक्सी वीडियो फिल्म इंग्लिश सेक्सी फिल्म मूवी सेक्सी मूवी एचडी हिंदी ਸੈਕਸ ਵੀਡੀਓ ஆண் பெண் செக்ஸ் પોર્ન પિક્ચર
bho,321243,script:ARABIC/BENGALI/GUJARATI/GURMUKHI/KANNADA/TAMIL/TELUGU,ইংলিশ সেক্স सेक्सी वीडियो फिल्म इंग्लिश सेक्सी फिल्म मूवी ਸੈਕਸ ਵੀਡੀਓ सेक्सी मूवी एचडी हिंदी ஆண் பெண் செக்ஸ் सेक्सी वीडिय
bho,321244,script:ARABIC/BENGALI/GUJARATI/KANNADA/TAMIL,पोर्न वीडियो सेक्सी मूवी फुल एचडी सेक्सी मूवी सेक्सी मूवी वीडियो हिंदी में সেক্স ভিডিও सेक्स हिंदी मूवी सेक्सी फुल मूवी 
bho,321245,script:ARABIC/BENGALI/GUJARATI/KANNADA/TAMIL,सेक्सी मूवी एचडी हिंदी सेक्सी फिल्म हिंदी में सेक्सी नेपाली ગ્રુપ સેક્સ सेक्सी वीडियो फुल मूवी हिंदी सेक्सी वीडियो फिल्म
bho,325979,script:ARABIC/BENGALI/GUJARATI/KANNADA/TAMIL/TELUGU,குடும்ப செக்ஸ் வீடியோ ایرانی سکسی அம்மா பையன் செக்ஸ் வீடியோ ಕನ್ನಡ ಸೆಕ್ಸ್ हिंदी मूवी सेक्सी वीडियो सेक्सी फिल्म वीडियो फु
bho,326094,script:GUJARATI,sexy video local बड़े लंड वाली सेक्सी वीडियो कुंवारी लड़की की चुदाई हिंदी में suhagrat wali sexy video देवर भाभी के वीडि
bho,326720,script:GUJARATI,મરાઠી સેક્સ વીડિયો ms puiyi okxxx एक्स एक्स ई सेक्सी बीपी शॉट वीडियो में सेक्सी बीएफ xxx hindi full hd ब्लू सेक्सी ब्लू 
bho,327265,script:GUJARATI,loki episode 5 moviesflix सेक्सी बीएफ गाना वाली બ્લુ ફિલ્મ વિડીયો सेक्सी वीडियो डॉक्टर के साथ you hd porn bihar sex vide
bho,327682,script:GUJARATI,"ऊ बतावत बाड़ें, “બાઇક હૈ પર નહીં લે જાતા, ક્યોંકિ પેટ્રોલ નહીં પોસાતા (हम आपन मोटरसाइकिल ना चलाईं."
bho,328013,script:GUJARATI/TAMIL,देवर भाभी का सेक्सी पिक्चर sunny leone hot x video patni ki chudai भ भ ज क स थ स क स व ड य કિંજલ દવેના બીપી ladkon ki se
bho,328680,script:GUJARATI,xxx desi bf बीपी पिक्चर बीपी ચૌદમ ચૌદ ચૌદમ ચૌદ गांव की लड़की के बीएफ नंगी सेक्सी पिक्चर नंगी सेक्सी पिक्चर sunny leone x
bho,328882,script:BENGALI/GUJARATI/TAMIL,செக்ஸ்படம் வீடியோ ஹிந்தி मराठी बीपी शॉर्ट ब्लू फिल्म दिखाओ ब्लू फिल्म bhabhi sexy bf brazzer xxx videos ब्लू इंग्लिश फिल
bho,329215,script:BENGALI/GUJARATI,सेक्सी नंगी पिक्चर सेक्सी नंगी पिक्चर गांव का देसी सेक्स বাংলাদেশী সেক্স ভিডিও chut ka pani kaise nikalta hai एक्स एक्स 
bho,329216,script:GUJARATI,हिन्दी पिक्चर बफ 50 shades of grey nude scenes hindi blue sexy picture ब्लू फिल्म भेजो हिंदी में हॉट बीएफ सेक्सी एक्स एक
bho,330181,script:GUJARATI/TAMIL,ब्लू फिल्म वीडियो में एचडी hot bhabhi chudai hot xxx desi स क स ब एफ इ ग ल श हिंदी ब्लू फिल्म हिंदी भाई बहन का ब्लू पिक्
bho,330182,script:GUJARATI,स क स ब एफ इ ग ल श english bf film बीएफ हिंदी में बीएफ हिंदी saxy video bf ત્રીપલ એક્સ ત્રિપલ એક્સ देवर भाभी की सेक्सी म
bho,330184,script:BENGALI,wwe xxx com bad masti com नंगा सेक्सी वीडियो miya khalifa hd बीएफ सेक्सी हिंदी बीएफ सेक्सी ब्लू वीडियो में tamanna hot p
bho,331438,script:TAMIL,desi aunty chudai khubsurat aunty ka bada bada karne wala sexy photo ladki ki chut ki chut satta king gali disawar recor
bho,333069,script:GEORGIAN,"जॉर्जिया (अंगरेजी: Georgia, जॉर्जियन:- საქართველო) यूरेशिया में एगो देश बा।"
bho,333788,script:GUJARATI,देवर भाभी सेक्सी पिक्चर तृषा कर मधु का बिरला वीडियो सेक्सी वीडियो हिंदी चोदा चोदी suhagrat porn video ભોળાનાથ ના ફોટા ब 
bho,339749,script:GUJARATI,xxx baap beti भाई और बहन का सेक्सी देसी चुदाई वाली वीडियो hindi pron videos ઇંગ્લીશ બ્લુ ફિલ્મ maa bete ki chudai kahani
bho,339942,script:GUJARATI,nabalik बीपी ओपन सेक्सी सेक्स वीडियो जबर्दस्त बीपी वीडियो सेक्सी hindi sexy chudai video सनी लियोन के सेक्सी पिक्चर sani
bho,340260,script:BENGALI,जमुना नदी (बंगाली: যমুনা) बांग्लादेस में ब्रह्मपुत्र नदी के शाखा बाटे।
bho,340277,script:BENGALI/GUJARATI,बीपी सेक्सी वीडियो इंग्लिश ब्लू पिक्चर चोदने वाली sexy xxx video full hd एक्स एक्स वीडियोस सेक्सी फिल्म ब्लू फिल्म ब्लू 
bho,340956,script:TAMIL,புதிய செக்ஸ் வீடியோ प्रियंका चोपड़ा की सेक्सी फोटो bhabhi ke sath jabardasti bangladesh sex video alia bhattxxx एक्सएक्स
bho,341883,script:TAMIL,தமிழ் மலையாள செக்ஸ் வீடியோ लड़की और कुत्ते की सेक्सी देवर भाभी का सेक्स deshi mms porn चूत की चुदाई ब्लू फिल्म बहन भ ई क
bho,341884,script:KANNADA,सेक्सी वीडियो एक्स एक्स एक्स हिंदी में porn xxx sexy बीएफ चोदने वाली वीडियो dj sexy video पंजाबी सेक्सी पिक्चर पंजाबी से
bho,342090,script:BENGALI/GUJARATI,गांव की लड़कियों की चुदाई वीडियो ling bada hone ka daba gandi picture dikhaiye rani mukherjee sex કાજલ નો સેકસી વીડિયો द
bho,344107,script:GUJARATI,सनी लियोन के सेक्सी वीडियो एचडी में indian aunty xvideos porn videos in hindi भ ई बहन क च त क च द ई nisha gurgain viral 
bho,345488,script:BENGALI,indian ladki ki chudai video हिंदी बीएफ फुल मूवी xnx cute देवर भाभी के सेक्सी बीएफ बीपी सेक्सी मूवी sexy film english sh
bho,345489,script:BENGALI,इंग्लिश सेक्सी वीडियो ब्लू xnx cute assames xxx video chudai com sunny leone ka english movie বাংলা সেক্স মুভি bangla bl
bho,347545,script:ARABIC/BENGALI/GUJARATI/GURMUKHI/TAMIL/TELUGU,हिंदी सेक्सी वीडियो સેક્સી વિડિઓ বাংলা xxx సెక్స్ వీడియో हिंदी फिल्म सेक्सी फिल्म தமிழ் செக்ஸ் வீடியோ સેક્સી વિડિઓઝ हॉट 
bho,348349,script:GREEK,पीο चन्द्रविनोद के लिखल भोजपुरी किताब केरा के टुकी टुकी पतई जवन की एगो भोजपुरी कहानी संग्रह ह।
bho,348351,script:GREEK,भोजपुरी कहानी का गांव में पीο चन्द्रविनोद एगो अइसन नांव बा जेकर अब ठाँव पूछे के दरकार नइखे।
bho,348569,script:MODIFIER,"ब्रिस्टल (अंग्रेजी: Bristol /ˈbrɪstəl/ ) इंग्लैंड के एगो शहर, सेरेमोनियल काउंटी आ यूनिटरी अथॉरिटी बाटे।"
bho,349539,script:BENGALI/GUJARATI/TAMIL/TELUGU,સેક્સી વિડિઓ पोर्न वीडियो সেক্স ভিডিও ગુજરાતી પોર્ન বাংলা xxx গরম xxx সেক্সি বিএফ પોર્ન ફિલ્મ सेक्सी वीडियो फिल्म हिंदी 
bho,349540,script:BENGALI/GUJARATI/MALAYALAM/TAMIL,हिंदी सेक्सी फिल्म বাংলাxxx हिंदी सेक्सी मूवी वीडियो फुल सेक्सी मूवी वीडियो सेक्सी फिल्म वीडियो में सेक्सी भाभी वीडियो ભ
bho,349541,script:BENGALI/GUJARATI/MALAYALAM/TAMIL/TELUGU,सेक्सी वीडियो फिल्म हिंदी सेक्सी सेक्सी वीडियो இலவச செக்ஸ் வீடியோ પોર્ન મૂવી एचडी सेक्सी फिल्म सेक्सी फिल्में પોર્ન ફિલ્
bho,349542,script:BENGALI/GUJARATI/MALAYALAM/TAMIL/TELUGU,সেক্সি ভিডিও সেক্স সেক্সি ভিডিও সেক্সি ভিডিও सेक्सी फिल्म फुल सेक्सी हिंदी पिक्चर फिल्म Phim XXX सेक्स फिल्म का वीडियो प
bho,349543,script:BENGALI/GUJARATI/MALAYALAM/TAMIL,सेक्सी पिक्चर हिंदी में पोर्न वीडियो सेक्सी फिल्म सेक्सी फिल्म सेक्सी फिल्म हिंदी सेक्सी वीडियो सेक्सी वीडियो फिल्म सेक्
bho,349544,script:BENGALI/GUJARATI/KANNADA/MALAYALAM/TAMIL/TELUGU,सेक्सी पिक्चर हिंदी में फिल्म सेक्सी सेक्सी फिल्म वीडियो में पोर्न वीडियो सेक्स वाली फिल्म हिंदी मूवी सेक्स हिंदी सेक्सी
bho,349545,script:BENGALI/GUJARATI/TAMIL,सेक्स फिल्म का वीडियो सेक्सी फिल्म फुल पोर्न वीडियो सेक्सी वीडियो फिल्म हिंदी में সেক্সি ভিডিও সেক্স हिंदी सेक्सी फिल्म 
bho,349546,script:BENGALI/GUJARATI/MALAYALAM/TAMIL,सेक्सी पिक्चर हिंदी में सेक्सी हिंदी वीडियो फिल्म സെക്സി വീഡിയോ ফ্রি সেক্স ভিডিও हिंदी मूवी सेक्स सेक्स वाली फिल्म सेक्स
bho,349547,script:BENGALI/GUJARATI/TAMIL/TELUGU,সেক্সি ভিডিও सेक्स फिल्म का वीडियो सेक्सी वीडियो फिल्म सेक्सी वीडियो फिल्म ஆண் பெண் செக்ஸ் सेक्सी फिल्म वीडियो में সেক্স
bho,349548,script:BENGALI/GUJARATI/KANNADA/TAMIL,सेक्सी पिक्चर वीडियो सेक्सी सेक्स फिल्म का वीडियो सेक्सी मूवी सेक्सी বাংলা xxx ક્સક્સક્સ ಲೈಂಗಿಕ ವೀಡಿಯೊಗಳು हिंदी सेक्सी म
bho,349549,script:BENGALI/GUJARATI/TAMIL,બીપી સેક્સ વીડીયો বাংলা xxx सेक्सी पिक्चर हिंदी में सेक्सी वीडियो फिल्म पोर्न वीडियो सेक्सी फिल्म सेक्सी वीडियो हिंदी मे
bho,349550,script:BENGALI/GUJARATI/TAMIL/TELUGU,Phim XXX सेक्सी फिल्में हिंदी में फुल सेक्स मूवी सेक्सी इंग्लिश सेक्सी मूवी संभोग हिंदी में सेक्सी वीडियो फुल मूवी సెక్స
bho,349551,script:BENGALI/GUJARATI/GURMUKHI/KANNADA/TAMIL/TELUGU,सेक्सी वीडियो फिल्म हिंदी फिल्म सेक्सी सेक्सी फिल्में সেক্সি ভিডিও সেক্স ગુજરાતી પોર્ન हिंदी सेक्सी फुल मूवी एचडी தமிழ் 
bho,349552,script:BENGALI/GUJARATI/MALAYALAM/TAMIL,सेक्सी पिक्चर हिंदी में पोर्न वीडियो सेक्सी फिल्म सेक्सी फिल्म सेक्सी फिल्म हिंदी सेक्सी वीडियो सेक्सी वीडियो फिल्म सेक्
bho,349553,script:BENGALI/GUJARATI/TAMIL/TELUGU,தமிழ் செக்ஸ் வீடியோ પોર્ન ફિલ્મ সেক্সি ভিডিও সেক্স ভিডিও செக்ஸ் வீடியோக்கள் বাংলা xxx సెక్స్ వీడియో हिंदी सेक्सी वीडियो 
bho,349554,script:ARABIC/BENGALI/GUJARATI/GURMUKHI/MALAYALAM/TAMIL,সেক্স ভিডিও બીપી સેક્સ વીડીયો हिंदी सेक्सी मूवी वीडियो தமிழ் செக்ஸ் வீடியோ Phim XXX جنسی سکسی সেক্সি ভিডিও সেক্স સેક્સી 
bho,349555,script:BENGALI/GUJARATI/TAMIL/TELUGU,हिंदी सेक्सी फुल मूवी एचडी सेक्सी वीडियो फिल्म সেক্সি ভিডিও सेक्सी फिल्म वीडियो में हॉट सेक्सी वीडियो सेक्स फिल्म का वीड
bho,349636,script:BENGALI/GUJARATI/KANNADA/TAMIL/TELUGU,सेक्सी पिक्चर फिल्म वीडियो सेक्सी फिल्म वीडियो फुल सेक्सी वीडियो फुल मूवी सेक्सी पिक्चर वीडियो मूवी सेक्सी वीडियो फिल्म 
bho,349923,script:GUJARATI,step sister xnxx बाप बेटी चुदाई blue film blue हिंदी ब्लू फिल्म साड़ी वाली x village video hindi sexy chudai wali video 
bho,350287,script:ORIYA,"ओडिया ( ଓଡ଼ିଆ , ओडिया ) भारत के ओडिशा राज्य में बोलल जाए वाली एगो भाषा बा।"
bho,352157,script:GUJARATI,सपना चौधरी के सेक्सी वीडियो એક્સ એન ડબલ એક્સ pornstar porn videos भाई और बहन का सेक्सी वीडियो हिंदी में sunny leone xxx 
bho,357326,script:GUJARATI,sexy video west indies हिंदी सेक्सी वीडियो खुलम खुला एक्स एक्स एक्स एक्स एक्स एक्स एक्स ई huma qureshi navel baap ne cho
bho,358914,script:GUJARATI,bhojpuri bf film બીપી સેકસી વીડીયો સેકસી દેશી ગુજરાતી સેક્સ एक्स एक्स एक्स फोटो वीडियो www xxxrapid com indian bhabi sex
bho,360063,script:ARABIC/BENGALI/GURMUKHI,"जीलेबी (नेपाली:जुलेबी, उर्दू:جلیبی, हिन्दी:जलेबी, ਜਲੇਬੀ, জিলাপী) एक प्रकार के मिठाई ह जौन भारतीय उपमहाद्वीप में बहुते प्"
bho,362161,script:GUJARATI,चुदाई के वीडियो mausi ji ki sexy chudai dog xxx video hd muslim ladki chut mein ungli xxxvideo karina kapur ki sexy vide
bho,363504,script:BENGALI/GUJARATI,बीपी सेक्सी वीडियो इंग्लिश ब्लू पिक्चर चोदने वाली sexy xxx video full hd एक्स एक्स वीडियोस सेक्सी फिल्म ब्लू फिल्म ब्लू 
bho,366475,neardup,अगर कवनो समाज के खतम करे के होखे त ओकरा नाभि प चोट करे के चाहीं.
bho,366478,neardup,भोजपुरियो का साथे अरसा से अइसने खुरचाली हो रहल बा.
bho,366480,neardup,ओहु लोग के मालूम बा कि श्लील होखते भोजपुरी के नींव हिल जाई.
bho,366482,neardup,ई लोग त भोजपुरी का नाम प कई गो संस्थो चलावेला जवना के हर काम हिन्दी में होखेला.
bho,366483,neardup,आ जवन भासा आपन सवालो दोसरा भासा में उठावल करी ओकर आवाज केहु काहे आ कइसे सुनी.
bho,366484,neardup,भोजपुरी अगर आजु जिन्दा बिया त आम आदमी का चलते.
bho,366485,neardup,बाकि बकरी के माई कहिया ले खरजिउतिया मनाई.
bho,366486,neardup,आजु ना त काल्हु ओकरा कटाहीं के बा.
bho,366487,neardup,रउरो सभे सोचत होखब कि काल्हु फगुआ बा आ ई बतंगड़ा कवन राग उठा लिहलसि.
bho,366488,neardup,हर हप्ता एगो खम्भा खड़ा कइल आसान ना होखे.
bho,366489,neardup,कई बेर ओकरा मजबूरन खुरपी का बिआह में हँसुआ के गीत उठावे पड़ जाला.
bho,366490,neardup,चारो तरफ आजु चुनाव परिणाम के चरचा चलत बा.
bho,366491,neardup,एह प अगर कवनो अटकर पचीसा लगाईं त ओकरा गलत होखे के पूरा अनेसा रही.
bho,366493,neardup,अब जवन होखे के बा तवन काल्हु सामने आइए जाई.
bho,366494,neardup,बाकि हमरा हर हाल में एह लेख के आजु पठा देबे के बा ना त सम्पादक जी लुकारी भाँजे लगीहें.
bho,366496,neardup,एक बेर मन भइल कि फगुए प लिख मारीं.
bho,366498,neardup,तीन दिन बादे फगुआ बा आ कतहीं ना त फगुआ के गाजन बाजन सुनाता ना केहु का देह प रंग अबीर लउकत बा.
bho,366499,neardup,"पिया परदेस, देवर घरे लईका, सूतल भसुर के जगाईं कइसे का उहा पोह में पड़ल बिरहिनी परेशान बिया कि पिया नाहीं अइले अबकी फगुनव"
bho,366500,neardup,भाग दौड़ भरल जिनिगी में रोजी रोटी कमाए परदेसे गइल पिया बलमा के तिकवते ओकर फगुआ बीते जात बा.
bho,366501,neardup,आ हम खोजत बानी अपना लइकाईं का दिन के उमंग उल्लास से भरल फगुआ.
bho,366502,neardup,जब राहे पेड़ा निकलत हमेशा चौकन्ना रहे के पड़त रहुवे कि केनियो से रंग पानी भेंटा मत जाए.
bho,366503,neardup,"बाकि हिन्दू परब तेवहारन प सेकूलर हमला ई हाल क दिहले बा कि रंग-अबीर, कादो-पानी वाला फगुआ से साम्प्रदायिक बवाल मत हो जाए ए"
bho,366505,neardup,संवैधानिक मान्यता ला परेशान लोग ई नइखे सोचत कि भासा बचल रही तबे मान्यता के फायदा बा.
bho,366506,neardup,ना त अकादमीओ के काम दोसरे भासा में करे के पड़ी.
bho,366507,neardup,हम त हिन्दी से लाख नाराजगी का बादो कुछ हिन्दी वालन के आभारी बानी जे हिन्दी का अखबार में भोजपुरी के खम्भा उठावे के जगहा द
bho,366688,script:GUJARATI,जंगल में मंगल सेक्स वीडियो हिंदी ब्लू पिक्चर सेक्स एक्स एक्स एक्स हिंदी हिंदी ब्लू पिक्चर भेजो क व र लड क य क च त क च द 
bho,366689,script:BENGALI,desi bhabhi romance पंजाबी सेक्सी बीएफ पंजाबी सेक्सी बीएफ বাংলাদেশী ব্লু ফিল্ম क व र लड क य क च त क च द ई dani daniels x
bho,367599,script:BENGALI/GUJARATI,blue picture bf hindi ullu web series xxx video भाभी देवर का सेक्सी वीडियो गांव की लड़की के साथ सेक्स बीपी एचडी व्हिडिओ 
bho,369112,script:BENGALI,"एह कहानी के बंग्ला रूप ঔদাসীন্যের ধোঁয়াশায় মহিলা বিড়ি শ্রমিকদের স্বাস্থ্য खूब पसंद कइल गइल, एकरा खूब पढ़ल गइल."
bho,369523,script:TAMIL,विदेशी सेक्सी वीडियो फुल एचडी हिंदी मूवी सेक्सी ब्लू फिल्म செக்ஸ் வீடியோ பிச்சர் बड़े लंड से चूत की चुदाई nayanthara sex
bho,370013,script:GUJARATI,બીપી ઇંગ્લીશ પિક્ચર सुहागरात एक्स वीडियो बीएफ दिखाओ हिंदी में આજના તાજા સમાચાર આપો अंग्रेजी ब्लू सेक्सी ब्लू फिल्म भेजिए
bho,370759,script:BENGALI/GUJARATI,ओरल सेक्स वीडियो desi bhabhi ki gand chudai ગુડ મોર્નિંગ ના ફોટા বেঙ্গলি এক্স এক্স ভিডিও sexual bengali movie हिंदी ब्लू
bho,372990,neardup,"(सरोज कुमार वरिष्ठ पत्रकार हैं, आलेख में लिखे विचार निजी हैं.)"
bho,373611,script:GREEK,पाइप के आयतन के गणना सूत्र के अनुसार कइल जाला V=π*R1*R1*L
bho,373612,script:GREEK,पाइप के सतह के क्षेत्रफल के गणना सूत्र के उपयोग से कइल जाला P=2*π*R2*L
bho,373914,neardup+script:TAMIL,ஹிந்தி செக்ஸ் வீடியோஸ் नंगी नंगी पिक्चर xxx indian sex video इंडियन सेक्स चुदाई baap beti chuda chudi video कामवाली बाई 
bho,374241,script:ARABIC/BENGALI/GUJARATI/TAMIL,सेक्सी फिल्में हिंदी सेक्सी वीडियो फुल मूवी सेक्सी वीडियो फुल मूवी Phim XXX हिंदी सेक्सी फिल्म हिंदी सेक्सी मूवी वीडियो 
bho,374242,script:ARABIC/BENGALI/GUJARATI/TAMIL,فيلم جنس हिंदी फिल्म सेक्सी फिल्म पोर्न वीडियो सेक्सी फिल्म सेक्सी फिल्म सेक्सी फिल्में हिंदी सेक्सी फिल्म हिंदी सेक्सी 
bho,374243,script:ARABIC/BENGALI/GUJARATI/TAMIL,हिंदी सेक्सी फिल्म हिंदी सेक्सी सेक्सी फिल्म वीडियो में ગુજરાતી પોર્ન فيلم جنس બીપી સેક્સ વીડીયો हिंदी सेक्सी वीडियो फुल
bho,374244,script:ARABIC/BENGALI/GUJARATI/TAMIL/TELUGU,पोर्न वीडियो தமிழ் செக்ஸ் வீடியோ हिंदी सेक्सी मूवी वीडियो सेक्सी वीडियो सेक्सी पिक्चर সেক্স ভিডিও हिंदी फिल्म सेक्सी फिल
bho,374245,script:ARABIC/BENGALI/GUJARATI/TAMIL,हिंदी सेक्सी वीडियो फुल मूवी সেক্স ভিডিও બીપી સેક્સ વીડીયો ગુજરાતી પોર્ન सेक्सी वीडियो फुल मूवी सेक्सी वीडियो फिल्म हिंद
bho,374246,script:ARABIC/BENGALI/GUJARATI/TAMIL,બીપી સેક્સ વીડીયો हिंदी सेक्सी फिल्म हिंदी सेक्सी সেক্স ভিডিও सेक्सी फिल्म वीडियो में हिंदी सेक्सी वीडियो फुल मूवी सेक्स
bho,374247,script:ARABIC/BENGALI/GUJARATI/TAMIL,ગુજરાતી પોર્ન हिंदी सेक्सी फिल्म हिंदी सेक्सी फिल्म सेक्सी वीडियो தமிழ் செக்ஸ் வீடியோ सेक्सी वीडियो फिल्म हिंदी हिंदी से
bho,374248,script:ARABIC/BENGALI/GUJARATI/TAMIL,हिंदी सेक्सी वीडियो फुल मूवी सेक्सी फिल्में सेक्सी वीडियो फुल मूवी Phim XXX हिंदी सेक्सी फिल्म सेक्सी फिल्म सेक्सी फिल्म
bho,374249,script:ARABIC/BENGALI/GUJARATI/TAMIL,தமிழ் செக்ஸ் வீடியோ ગુજરાતી પોર્ન हिंदी सेक्सी फिल्म हिंदी सेक्सी फिल्म सेक्सी वीडियो सेक्सी वीडियो फिल्म हिंदी हिंदी से
bho,374250,script:ARABIC/BENGALI/GUJARATI/TAMIL,पोर्न वीडियो हिंदी फिल्म सेक्सी फिल्म हिंदी में सेक्सी फिल्म فيلم جنس सेक्सी फिल्में सेक्सी फिल्म सेक्सी फिल्म সেক্সি ভি
bho,374251,script:ARABIC/BENGALI/GUJARATI/TAMIL,हिंदी फिल्म सेक्सी फिल्म हिंदी में सेक्सी फिल्म فيلم جنس पोर्न वीडियो सेक्सी फिल्म सेक्सी फिल्म सेक्सी फिल्में हिंदी सेक
bho,374252,script:ARABIC/BENGALI/GUJARATI/TAMIL,हिंदी सेक्सी वीडियो फुल मूवी બીપી સેક્સ વીડીયો ગુજરાતી પોર્ન हिंदी सेक्सी फिल्म हिंदी सेक्सी सेक्सी वीडियो फुल मूवी সেক্
bho,374253,script:ARABIC/BENGALI/GUJARATI/TAMIL,हिंदी सेक्सी वीडियो फुल मूवी બીપી સેક્સ વીડીયો সেক্স ভিডিও ગુજરાતી પોર્ન सेक्सी वीडियो फुल मूवी हिंदी सेक्सी फिल्म हिंदी
bho,374254,script:ARABIC/BENGALI/GUJARATI/TAMIL,தமிழ் செக்ஸ் வீடியோ ગુજરાતી પોર્ન हिंदी सेक्सी फिल्म हिंदी सेक्सी सेक्सी फिल्में फिल्म सेक्सी वीडियो सेक्सी वीडियो फिल्म
bho,377957,script:GUJARATI,न्यू सेक्सी ब्लू फिल्म देसी नंगी चुदाई bangladeshi bangla chuda chudi भोजपुरी में सेक्सी वीडियो बीएफ xxx bideo hindi અમે
bho,378406,script:GUJARATI,बिहारी भाभी सेक्स સેકસી વીડિયો ડાઉનલોડ देसी एक्स व्हिडीओ एक्स एक्स एक्स इंग्लिश ब्लू फिल्म kajal xxx video anushka sen b
bho,378845,script:CYRILLIC,फुल एचडी में सेक्सी फिल्म वीडियो क्लिप मुक्त कर रहे हैं Дейн सेक्सी फुल एचडी मूवी Джонс Рыжая и длинноногая девушка дари
bho,382783,script:TAMIL,सेक्स एक्स वीडियो xxx video kannada चूत लंड दिखाओ बीएफ फिल्म ओपन priyanka chopra blue film punjabi bhabhi xnxx हिंदी में
bho,383292,script:BENGALI,সদ্য ফোটা জুঁই ।
bho,383995,script:GUJARATI,aparadhi bangla desi muvie song भाभी की चूची इंडियन देसी बीएफ મામા ના ફોટા xxx porn videos indian xxx com hindi नेपाल की
bho,386376,script:BENGALI,www indian sex video ब्लू पिक्चर दिखाएं हिंदी में sexy aunty videos blue film bf nude indian girl गांड मारने वाला सेक्सी
bho,386416,script:GUJARATI,sexy video local बड़े लंड वाली सेक्सी वीडियो कुंवारी लड़की की चुदाई हिंदी में suhagrat wali sexy video देवर भाभी के वीडि
bho,386670,script:BENGALI,কলেজ সেক্স ভিডিও एचडी ब्लू सेक्सी nangi picture hindi mein devar bhabhi ki chudai wali video नई सेक्सी ब्लू फिल्म एक्स ए
bho,389571,script:GUJARATI,sexy video sexy sexy video जुदाई कैसे की जाती है ब्लू फिल्म का वीडियो दिखाओ बीएफ सेक्सी पिक्चर सेक्सी वीडियो सेक्सी वीडि
bho,389572,script:GUJARATI/KANNADA,teacher ke sath sexy video ઓપન સેકસી વીડિયો savita bhabhi hindi comic pushpa telugu full movie watch online नेपाली ब्लू 
bho,390440,script:GUJARATI,sexy movie sunny leone ki ऐक्स ऐन ऐक्स ऐक्स ऐक्स એચ ડી સેકસી વીડિયો देसी भाभी की चुदाई खेत में filmy4wap xyz 2023 new mo
bho,390987,script:GUJARATI/TAMIL,नेपाली लड़कियों की चुदाई बफ सेक्सी पिक्चर மலையாளம் செக்ஸ் வீடியோ भोजपुरी एक्स एक्स एक्स सेक्सी बीएफ सेक्सी दिखाइए ब प ब 
bho,390988,script:GUJARATI,gujarati ma nagi varta ब्लू पिक्चर नई sexy bf hot hardcore sexy video बीएफ बीएफ एचडी बीएफ ત્રિપલ એક્સ સેક્સી બીપી ब्लू स
bho,391076,neardup,"रामाशंकर कुशवाहा वरिष्ठ पत्रकार हैं, आलेख में लिखे विचार उनके निजी हैं.)"
bho,393211,script:GUJARATI,हिंदी सेक्सी फिल्म चुदाई वाली aunty ke sath sex video देवर भाभी की चुदाई सेक्सी वीडियो sexy video condom blue nangi film
bho,393380,script:GUJARATI,aunty ko choda ગુડ મોર્નિંગ ફોટા english sexy video film ladkiyon ki gand desi gold com ई मेल ओपन सेक्स फिल्म ब्लू फिल्म
bho,394193,neardup,"जवन नित नया बा, ओके पुरान बटखरा से वजन कइले अतने लाभ हो सकेला कि पता चलि जाई कि हमरा जानकारी के कसौटी में कतना पर ई अधिक"
bho,394196,neardup,ई पुस्तक के गहरे पैठ अंतर्दृष्टि के साक्षी ह।“
bho,394199,neardup,एह पुस्तक के प्रकाशन निश्चित रूप से भोजपुरी साहित्य के ललित निबंधन का इतिहास में एगो महत्वपूर्ण घटना ह।“
bho,394206,neardup,विवेकी राय के तमाम निबंध विकासमान बोली के भाषा के प्रौढ़ता प्रदान कइलन स।“
bho,394210,neardup,बाकिर एह बेर उहाँ के मउवत के चुनौती कबूल ना कऽ पवलीं आ बाबा विश्वनाथ के नगरी काशी के अस्पताल में गंगा मइया के गोदी में आ
bho,394374,neardup,पिछला सैकड़न बरीस के गुलामी का बादो देश के ई सौ करोड़ जानवर माने के तइयार नइखन कि देर सबेर एह जानवरन के आदमियन के गुलाम 
bho,394747,script:GUJARATI,गांव की चुदाई वीडियो बीएफ भेजिए वीडियो में बीएफ xxx hindi vedeo भ ई बहन क ब एफ ह द म सेक्सी वीडियो बड़े लंड वाली xxx vid
bho,395995,script:GUJARATI,kannada hd bf सेक्सी बीएफ भोजपुरी सेक्सी बीएफ amisha patel nude बीएफ हिंदी में हिंदी में बीएफ मोटी गांड वाली सेक्स वीडिय
bho,397096,script:GUJARATI,भोजपुरी फिल्म वीडियो 3 x video gujarati jokes gujarati jokes xx video dehati hd xxxxvideo जन्मदिन के गिफ्ट सेक्स ब्लू पि
bho,398758,script:CJK,एह दौरान मशऱख में आलू पियाज के थोक व्रिकेता शंभू प्रसाद छापामारी के डर से आपन दोकान बंद क屧ऽ के भाग गइले।
bho,400083,script:BENGALI/GUJARATI/GURMUKHI/TAMIL/TELUGU,સેક્સ વિડિઓ সেক্সি ভিডিও फुल हिंदी सेक्सी मूवी मूवी की सेक्सी सेक्स मूवी इंग्लिश सेक्स मूवी सेक्सी फिल्म हिंदी मूवी इंडि
bho,400084,script:BENGALI/GUJARATI/GURMUKHI/TAMIL/TELUGU,સેક્સ વિડિઓ मूवी की सेक्सी सेक्स मूवी इंग्लिश सेक्स मूवी इंडियन पोर्न वीडियो সেক্সি ভিডিও सेक्सी फिल्म हिंदी मूवी फुल हि
bho,400088,script:GUJARATI,યુટુબ ડાઉનલોડ mp3 વિડીયો ullu web series video com લગ્નની પહેલી રાત્રે सेक्सी पिक्चर ब्लू फिल्म वीडियो hindi chudai bf ब
bho,400089,script:GUJARATI,hindi pron video સેકસી વિડિયો ગુજરાતી bf sexy download एक्स एक्स बीएफ सेक्सी वीडियो dani danials videos xxx opan video h
bho,400329,script:GUJARATI,hindi me xxx સેકસી ક્રાઈમ બ્રાન્ચ 20241 chachikichut ki picture desi chudayi hindi audio सेक्सी चोदने वाली सेक्सी bhojpu
bho,402883,script:CJK,मामला में घायल के परिजन बतवलें कि दुआरी पर माटी भरवावे के काम चलत रहल हऽ ओही बेरा पड़ोसी जमीन के सीमा के विवाद खड़ा क屧ऽ 
bho,403436,script:BENGALI/GUJARATI,देसी सेक्स विडिओ फुल सेक्सी बीएफ हिंदी में बिहार का बीएफ મામા ના ફોટા वीडियो बीएफ सेक्सी हिंदी में sexy pushy नंगी पिक्च
bho,403591,script:GUJARATI,वीडियो फिल्म वीडियो બોમ્બે મટકા બજાર देवर भाभी का सेक्सी पिक्चर poonam pandey sexy video deeper com mom dad xnxx डब्लू ड
bho,404214,script:GUJARATI,सेक्सी बीएफ डाउनलोड malayalam bf video भाभी के साथ सुहागरात सेक्सी पिक्चर बीएफ वीडियो બ્લુ પિક્ચર દેખાડો filters in tabl
mai,20,neardup,लोहट चीनी मिल स चीनी आ इथेनॉल क उत्पादन करबाक योजना अछि।
mai,7110,script:HEBREW,इजरायल संग्रहालय (מוזיאון ישראל - Muze'on Yisrael - Israel Museum) इजरायल राष्ट्रिय संग्रहालय छी।
mai,8173,script:MODIFIER,"एक तँ बीसीक समय, ते पर से पुरबाक झोंका, रातिमे एकटा अछारो भʼ गेल रहै।"
mai,8175,script:MODIFIER,रूपन मुनहारि साँझ कʼ बाधसँ चलल रहथि ।
mai,8176,script:MODIFIER,महिसबारोक हेँज घरमुहा भʼ गेल रहै।
mai,8181,script:MODIFIER,रूपन कुसियारक खेतक पछबरिया आडि धेने जखनि बान्हपर अएलाह तʼ पुरबाक झोंक गाँतीमे सोन्हिआइत सौंसे देह दलका देलकनि।
mai,8183,script:MODIFIER,रूपन पनही खोलि कʼ पएर देलनि तʼ बुझएलनि जे ठेहुन तक सुन्न भʼ गेल ।
mai,8184,script:MODIFIER,देह तलमलेलनि तʼ ठेंगा अडओलनि मुदा बूढ़ देह कहाँ धरि सम्हरतनि से पिछरि गेलाह ।
mai,8188,script:MODIFIER,अपना भरि त जी-जान लगा कʼ खटैत रहैत छथि।
mai,8193,script:MODIFIER,"उनटले ओएह कहʼ लगलनि- बड़े सुझै छह बुढ़बे, कतʼ छोपलिए धान!"
mai,8200,script:MODIFIER,देखिहʼ विदैत ने हुअए।
mai,8203,script:MODIFIER,बाछि कʼ उखाड़ितै तँ कोनो बात नै छलै।
mai,8205,script:MODIFIER,अपनो उखाड़ʼ दै छै।
mai,8207,script:MODIFIER,दोसराके रखवारि दʼ देते।
mai,8208,script:MODIFIER,आ बीचमे केओ आन पैसार लʼ लेते तँ बितौनी लागि जेतनि।
mai,8210,script:MODIFIER,रूपन कहुना कʼ ठगा सम्हारलनि।
mai,8211,script:MODIFIER,जाँघ आ छाबाके हँसोथि कʼ देखलनि तʼ काँट नै अभड़लनि।
mai,8212,script:MODIFIER,"धोती कने भीजि गेल रहनि, तकरा गाड़ि कʼ कहुना खोँड़ा पार कएलनि।"
mai,8213,script:MODIFIER,"बेस अनहार भʼ गेल रहै, तखन आङन पहुँच सकलाह रूपन।"
mai,8220,script:MODIFIER,अइ बेर त लगै-ए जे सभ टा बौक भʼ जेते।”
mai,8223,script:MODIFIER,"अहिना एक दिन हिनकर नातिनकेँ कने जर भʼ गेलैक तँ सौंसे अङनाकेँ माथ पर उठा नेने रहथि, जे आब ओ जीबे नै करत।"
mai,8225,script:MODIFIER,कमला माइ एहन निसोख थोड़े छथिन जे गाम लिलोह भʼ जेते।
mai,8228,script:MODIFIER,ते आने दिन जकाँ फेर कहि देलखिन ʼएना किए कहै छहक भैया हो।
mai,8230,script:MODIFIER,"रूपनक भाइकेँ छाती सूप सनक भʼ गेलनि, जेना इएह सुनए चाहैत होथि।"
mai,8235,script:MODIFIER,आइ बहुरी झाके खेतमे बिदैत भʼ गेलै।
mai,8236,script:MODIFIER,बेचाराके धनरोपनीमे जन नै भेटलै तʼ अढाइयो बिगहामे अगता गोट बाओग केने छलै।
mai,8239,script:MODIFIER,रूपन सभटा खेरहा सुना दियʼ चाहैत रहथि।
mai,8244,script:MODIFIER,ओकर बाप-पितामह गामक लोककेँ कलहन कʼ कʼ खेत अरजने रहै।” रूपनक भाएके सभटा ओहिना मोन छनि जे कोना लुट्टी झा एक मोन धानक तरे ह
mai,8248,script:MODIFIER,कहुना कʼ खोंटि-खाँटि कʼ चलबै छै ।
mai,8250,script:MODIFIER,रूपनकेँ बहुरी झाक हालति पर दरेग भʼ जाइत छनि।
mai,8252,script:MODIFIER,रूपन उठि कʼ ठाढ़ भेला आ अपन चटुआ घुसका देलनि।
mai,8254,script:MODIFIER,"मुदा बहुरी झा मना कʼ देलखिन, जुत्ता पहिरने रहथि चुक्कीमाली भʼ बैसि गेला।"
mai,8258,script:MODIFIER,"-ʼरूपन, तोहर रहैत हमर बिदैत भʼ जाए।"
mai,8260,script:MODIFIER,"के उखाड़लक हमर गोट।ʼ बहुरी झा कनैत रहथि कि खिसिआएल, से नै जानि।"
mai,8269,script:MODIFIER,ते नाँओ कहै सँ नीक जे बेचारा अनभुआरेमे दैवेक डाङ बूझि कʼ छातीमे मुक्का मारि लेथु।
mai,8270,script:MODIFIER,ते रूपन बुझियो कʼ झूठ बाजि गेला जे हम नै चिनहलिए।
mai,8271,script:MODIFIER,जावत लग जाइ तावत ओ निपत्ता भʼ गेल।
mai,8272,script:MODIFIER,– ʼदू बापूत भʼ के तखनि नै सम्हरै छह।ʼ बहुरी झा फेर ओहिना बजलाह।
mai,8273,script:MODIFIER,हुनका बुझा गेलनि जे रूपन बूझि कʼ नै कहि रहल अछि।
mai,8274,script:MODIFIER,-ʼकी नाँओ लै छी सोनमाके।
mai,8279,script:MODIFIER,जे बात ओ ने बाजʼ चाहत से कोन मरद हैत जे खोला लेत।
mai,8282,script:MODIFIER,ई सय बिगहाक बाध कतहु एसकर सम्हरएʼ।
mai,8285,script:MODIFIER,ताबत बेस अनहार भʼ गेल रहै।
mai,8287,script:MODIFIER,भानस भʼ गेल रहै।
mai,8288,script:MODIFIER,खा पी कʼ रूपनके फेर बाध जएबाक रहनि- राति कʼ ओगरै लेʼ।
mai,8289,script:MODIFIER,तेँ कने सबेरे सकाल भानस भʼ गेल रहै – सोहारी आ लौसग।
mai,8290,script:MODIFIER,रूपन खएबाक गप्प गमि कʼ सोनमाक खोज कएलनि ʼकतʼ बौआइत रहै छै साँझ भरली।
mai,8292,script:MODIFIER,"चौकीबला हन्नासँ सोनमाक कनियाँ रामपुर वाली गर जाँति कʼ बाजि उठलि-”अपन हेरिया आउर सँ भेट कर लेʼ गेल छथिन, जिनका जरे काल्हि"
mai,8293,script:MODIFIER,रूपन सन्न दʼ रहि गेला।
mai,8294,script:MODIFIER,ʼकिए जेते पंजाब।
mai,8300,script:MODIFIER,केहेन खटास भʼ के धुरल रहै।
mai,8302,script:MODIFIER,हमरा नै नेʼ दियʼ अपनौ लोकवेद ले एको गो नूँओ अनितै आ कि एक्को जोड़ चूडियो तँ बुझितौं।
mai,8306,script:MODIFIER,सिनेमाक गीत गबैत रहए- ʼतू चीज बड़ी है मस्त मस्त।ʼ सोनमाक मायक कंठ फुटलै -”कनियाँ रोकतै त मनसा कि मानते।
mai,8308,script:MODIFIER,-ʼकथी के गप्प होइत रहै माए?ʼ सोनमा मुहथड़ि पर सँ किछु गल-बुल सुनने रहए।
mai,8309,script:MODIFIER,ते ओ चट दʼ पूछि बैसल।
mai,8310,script:MODIFIER,"रूपन के तँ एक बेर सिरिङ चढ़लनि, मुदा फेर मोन थिर कʼ पुछलखिन “अएँ रौ तो काल्हि पैजाब जेबहिन?ʼ"
mai,8313,script:MODIFIER,"तोही जे परमेसरा भैया के रुपैया देने छलहक, तेकर चारि मासक सुइद पठा देलकʼ हे चिट्ठिए के जरे।"
mai,8314,script:MODIFIER,आर किछ मालिक से लʼ लेबै सूइद पर।
mai,8317,script:MODIFIER,गहूमक कटनी लगाति पाँच सए रुपैया लʼ कʼ परमेसरा पैंजाब गेल रहए।
mai,8324,script:MODIFIER,जँ वाहरे कमाइके छौ त मोन थीर कʼ के कत्तौ कम्पनी आउरमे कोसिस कर।
mai,8325,script:MODIFIER,पैंजाब मे कि दू मास लेʼ बबुआनी भेटतौ।
mai,8329,script:MODIFIER,अखनि मालिक ओतʼ जाए पड़तै फेर झोडा झपटा सैतनाइ।
mai,8333,script:MODIFIER,ओ ठकुआएल घरवला फुलपैंटके चौपैत कʼ बकसामे धरैत रहलि।
mai,8334,script:MODIFIER,-”एगो छिपली आ गिलास दियʼ ने धो कʼ सोनमा खौंझाएल बाजल।
mai,8336,script:MODIFIER,ओतʼ मालिक सभके सनीमा देखबै छै।
mai,8339,script:MODIFIER,"कहाँ दन ओतʼ जुअनकी छौंडी सभ एकरे सभक जरे काम करैत रहै छै, ठेहुन तक सलवार समेटने हँसैत रहै छै, गियान धियान बिसारि कʼ।"
mai,8342,script:MODIFIER,"गाममे तँ बाप रे, भाङो खाउ तʼ बाउ फज्झतिक तर कʼ देत।"
mai,8345,script:MODIFIER,एकरा इहो सुधि नै रहलै जे ओकर कनियाँ कते कालसँ छिपली आ गिलास लʼ कʼ ठाढ़ि छै।
mai,8347,script:MODIFIER,सोनमा गोँगिआएल आ फेर खखसि कʼ बाजल- सैंत दौ हमर समान।
mai,8349,script:MODIFIER,हम मालिक ओतʼ से भʼ अबिऐ।
mai,9916,neardup,सुशांत सिंह राजपूत केसके जांच करबाक लेल गेल बिहार पुलिसक अधिकारिक लेल सुराग इकट्ठा करय मे बेसी समस्या भ’ रहल अछि ।
mai,9917,neardup,एकर कारण बताओल जा रहल अछि जे मुंबई पुलिस ओहि तरहे सहयोग नहि क’ रहल अछि।
mai,16797,script:BENGALI,विदेह लेल सेहो अहाँक रचनाक प्रतीक्षा अछि।গজেন্দ্র ঠাকুব
mai,17878,script:BENGALI,"बाङ्गला (বাংলা, बाङ्ला), या फिर बाहरी नाम बङ्गाली से जानल जायेबाला, एगो हिन्द-आर्यभासा हई जे दखिन एसियाके बङ्गाल क्षेत्र"
mai,55467,script:CJK,"इस पृष्ठ पर, हम चीनी「年代」की पिनयिन, इसे कैसे पढ़ें, इसका स्पेनिश अनुवाद और उदाहरण वाक्यों का परिचय देंगे।"
mai,55468,script:CJK,「年代」hsk5 के लिए शब्द है।
mai,55469,script:CJK,"चीनी「年代」 रीडिंग, पिनयिन, और पारंपरिक चीनी अक्षर"
mai,55470,script:CJK,"चीनी शब्द「年代」 के लिए पिनयिन, रीडिंग और पारंपरिक चीनी अक्षरों का परिचय।"
mai,55471,script:CJK,चीनी「年代」का हिंदी अनुवाद और उदाहरण वाक्य
mai,55472,script:CJK,चीनी「年代」के हिंदी में निम्नलिखित अर्थ हैं:
mai,55473,script:CJK,年代（nián dài）का पहला अर्थआयुहै.
mai,55475,script:CJK,- 这个年代的科技发展迅速。（zhè gè nián dài de kē jì fā zhǎn xùn sù.）इस युग की तकनीक तेजी से विकसित हो रही है।
mai,55476,script:CJK,- 我们生活在一个信息爆炸的年代。（wǒmen shēnghuó zài yīgè xìnxī bàozhà de niándài.）हम सूचना विस्फोट के युग में रहते हैं।
mai,55477,script:CJK,- 这个年代的年轻人更加开放和自由。（zhè ge nián dài de nián qīng rén gèng jiā kāi fàng hé zì yóu.）इस युग में युवा अधिक खुले और स्वतंत्र ह
mai,55478,script:CJK,"- 在这个年代，人们更加注重环境保护。（zài zhè ge nián dài, rén men gèng jiā zhù zhòng huán jìng bǎo hù.）इस युग में लोग पर्यावरण संरक्षण पर"
mai,55479,script:CJK,- 这个年代的音乐风格多样化。（zhè ge nián dài de yīn yuè fēng gé duō yàng huà.）इस युग की संगीत शैलियाँ विविध हैं।
mai,55480,script:CJK,- 这个年代的社交媒体非常流行。（zhè ge nián dài de shè jiāo méi tǐ fēi cháng liú xíng.）आज के समय में सोशल मीडिया बहुत लोकप्रिय है।
mai,55481,script:CJK,"- 在这个年代，人们更加重视个人隐私。（zài zhè ge nián dài, rén men gèng jiā zhòng shì gè rén yǐn sī.）आज के समय में लोग व्यक्तिगत गोपनीयता "
mai,55482,script:CJK,- 这个年代的经济发展迅猛。（zhè ge nián dài de jīng jì fā zhǎn xùn měng.）इस युग की अर्थव्यवस्था तेजी से विकास कर रही है।
mai,55483,script:CJK,- 这个年代的教育体制正在不断改革。（zhè ge nián dài de jiào yù tǐ zhì zhèng zài bù duàn gǎi gé.）इस युग में शिक्षा व्यवस्था में लगातार सुध
mai,55484,script:CJK,"- 在这个年代，人们更加注重健康和生活质量。（zài zhè ge nián dài, rén men gèng jiā zhù zhòng jiàn kāng hé shēng huó zhì liàng.）आज के युग में ल"
mai,55485,script:CJK,चीनी भाषा में「年代」 शब्द के बारे में सारांश
mai,55486,script:CJK,"इस पृष्ठ पर, हमने चीनी「年代」के लिए पिनयिन, रीडिंग, हिंदी अनुवाद और उदाहरण वाक्य पेश किए।"
mai,55487,script:CJK,「年代」hsk5स्तर का शब्द है.
mai,55489,script:CJK,"इस पृष्ठ पर, हम चीनी「增长」की पिनयिन, इसे कैसे पढ़ें, इसका स्पेनिश अनुवाद और उदाहरण वाक्यों का परिचय देंगे।"
mai,55490,script:CJK,「增长」hsk4 के लिए शब्द है।
mai,55491,script:CJK,"चीनी「增长」 रीडिंग, पिनयिन, और पारंपरिक चीनी अक्षर"
mai,55492,script:CJK,"चीनी शब्द「增长」 के लिए पिनयिन, रीडिंग और पारंपरिक चीनी अक्षरों का परिचय।"
mai,55493,script:CJK,चीनी「增长」का हिंदी अनुवाद और उदाहरण वाक्य
mai,55494,script:CJK,चीनी「增长」के हिंदी में निम्नलिखित अर्थ हैं:
mai,55496,script:CJK,增长मतलब 1:तेज करना
mai,55497,script:CJK,增长（zēng zhǎng）का पहला अर्थतेज करनाहै.
mai,55498,script:CJK,- 这个城市的人口增长很快。（zhè ge chéngshì de rénkǒu zēngzhǎng hěn kuài.）शहर की जनसंख्या तेजी से बढ़ रही है।
mai,55499,script:CJK,- 我们公司的销售额在去年增长了百分之十。（wǒmen gōngsī de xiāoshòu’é zài qùnián zēngzhǎng le bǎifēn zhī shí.）पिछले साल हमारी कंपनी की बिक्री
mai,55500,script:CJK,- 这个项目的预算增长了一倍。（zhè gè xiàngmù de yùsuàn zēngzhǎng le yībèi.）इस प्रोजेक्ट का बजट दोगुना हो गया है.
mai,55501,script:CJK,- 这个国家的经济增长速度很稳定。（zhè ge guó jiā de jīng jì zēng zhǎng sù dù hěn wěn dìng.）देश की आर्थिक विकास दर काफी स्थिर है.
mai,55502,script:CJK,- 学生们的学习成绩在这个学期有所增长。（xuéshēngmen de xuéxí chéngjì zài zhège xuéqī yǒu suǒ zēngzhǎng.）इस सेमेस्टर में छात्रों का शैक्षणिक
mai,55503,script:CJK,- 这个行业的就业机会正在增长。（zhè gè hángyè de jiùyè jīhuì zhèngzài zēngzhǎng.）इस उद्योग में नौकरी के अवसर बढ़ रहे हैं।
mai,55504,script:CJK,- 他的身高在过去一年里增长了五厘米。（tā de shēn gāo zài guò qù yī nián lǐ zēng zhǎng le wǔ lí mǐ.）पिछले साल वह पांच सेंटीमीटर बड़ा हो गया
mai,55505,script:CJK,- 这个国家的旅游业每年都在增长。（zhè gè guó jiā de lǚ yóu yè měi nián dōu zài zēng zhǎng.）इस देश में पर्यटन हर साल बढ़ रहा है।
mai,55506,script:CJK,- 这个产品的市场份额正在增长。（zhè gè chǎn pǐn de shì chǎng fèn é zhèng zài zēng zhǎng.）इस उत्पाद की बाजार हिस्सेदारी बढ़ रही है।
mai,55507,script:CJK,- 我们需要采取措施来促进农业的增长。（wǒmen xūyào cǎiqǔ cuòshī lái cùjìn nóngyè de zēngzhǎng.）हमें कृषि के विकास को बढ़ावा देने के लिए उपा
mai,55508,script:CJK,चीनी भाषा में「增长」 शब्द के बारे में सारांश
mai,55509,script:CJK,"इस पृष्ठ पर, हमने चीनी「增长」के लिए पिनयिन, रीडिंग, हिंदी अनुवाद और उदाहरण वाक्य पेश किए।"
mai,55510,script:CJK,「增长」hsk4स्तर का शब्द है.
mai,55511,script:CJK,"इस पृष्ठ पर, हम चीनी「著名」की पिनयिन, इसे कैसे पढ़ें, इसका स्पेनिश अनुवाद और उदाहरण वाक्यों का परिचय देंगे।"
mai,55512,script:CJK,「著名」hsk4 के लिए शब्द है।
mai,55513,script:CJK,"चीनी「著名」 रीडिंग, पिनयिन, और पारंपरिक चीनी अक्षर"
mai,55514,script:CJK,"चीनी शब्द「著名」 के लिए पिनयिन, रीडिंग और पारंपरिक चीनी अक्षरों का परिचय।"
mai,55515,script:CJK,चीनी「著名」का हिंदी अनुवाद और उदाहरण वाक्य
mai,55516,script:CJK,चीनी「著名」के हिंदी में निम्नलिखित अर्थ हैं:
mai,55517,script:CJK,著名（zhù míng）का पहला अर्थप्रसिद्धहै.
mai,55518,script:CJK,- 他是一位著名的演员。（tā shì yī wèi zhù míng de yǎn yuán.）वह एक मशहूर अभिनेता हैं.
mai,55519,script:CJK,- 这本书是一位著名作家的作品。（zhè běn shū shì yī wèi zhù míng zuò jiā de zuò pǐn。）यह किताब एक मशहूर लेखक की कृति है.
mai,55520,script:CJK,- 这个城市有很多著名的景点。（zhè gè chéng shì yǒu hěn duō zhù míng de jǐng diǎn.）इस शहर में कई प्रसिद्ध दर्शनीय स्थल हैं।
mai,55521,script:CJK,"- 她是一位著名的歌手，唱功非常出色。（tā shì yī wèi zhù míng de gē shǒu, chàng gōng fēi cháng chū sè.）वह उत्कृष्ट गायन कौशल वाली एक प्रसिद"
mai,55522,script:CJK,- 这个公司是全球著名的汽车制造商之一。（zhè gè gōngsī shì quánqiú zhùmíng de qìchē zhìzào zhě zhī yī。）यह कंपनी दुनिया की मशहूर कार निर्माता
mai,55523,script:CJK,- 这个学校有一支著名的篮球队。（zhè ge xué xiào yǒu yī zhī zhù míng de lán qiú duì.）स्कूल में एक प्रसिद्ध बास्केटबॉल टीम है।
mai,55524,script:CJK,- 这个科学家因其著名的研究成果而获得了诺贝尔奖。（zhè gè kē xué jiā yīn qí zhù míng de yán jiū chéng guǒ ér huò dé le nuò bèi jiǎng。）वैज्ञानिक न
mai,55525,script:CJK,- 这个电影导演是当今世界上最著名的之一。（zhè ge diànyǐng dǎoyǎn shì dāngjīn shìjiè shàng zuì zhùmíng de zhī yī.）यह फिल्म निर्देशक आज दुनिया
mai,55526,script:CJK,- 这个展览会展示了许多著名艺术家的作品。（zhè ge zhǎn lǎn huì zhǎn shì le xǔ duō zhù míng yì shù jiā de zuò pǐn.）यह प्रदर्शनी कई प्रसिद्ध कल
mai,55527,script:CJK,"- 这个餐厅是这座城市最著名的之一，他们的菜品非常美味。（zhè gè cān tīng shì zhè zuò chéng shì zuì zhù míng de zhī yī, tā men de cài pǐn fēi cháng m"
mai,55528,script:CJK,चीनी भाषा में「著名」 शब्द के बारे में सारांश
mai,55529,script:CJK,"इस पृष्ठ पर, हमने चीनी「著名」के लिए पिनयिन, रीडिंग, हिंदी अनुवाद और उदाहरण वाक्य पेश किए।"
mai,55530,script:CJK,「著名」hsk4स्तर का शब्द है.
mai,55531,script:CJK,"इस पृष्ठ पर, हम चीनी「祝贺」की पिनयिन, इसे कैसे पढ़ें, इसका स्पेनिश अनुवाद और उदाहरण वाक्यों का परिचय देंगे।"
mai,55532,script:CJK,「祝贺」hsk4 के लिए शब्द है।
mai,55533,script:CJK,"चीनी「祝贺」 रीडिंग, पिनयिन, और पारंपरिक चीनी अक्षर"
mai,55534,script:CJK,"चीनी शब्द「祝贺」 के लिए पिनयिन, रीडिंग और पारंपरिक चीनी अक्षरों का परिचय।"
mai,55535,script:CJK,चीनी「祝贺」का हिंदी अनुवाद और उदाहरण वाक्य
mai,55536,script:CJK,चीनी「祝贺」के हिंदी में निम्नलिखित अर्थ हैं:
mai,55538,script:CJK,祝贺मतलब 1:का जश्न मनाने
mai,55539,script:CJK,祝贺（zhù hè）का पहला अर्थका जश्न मनानेहै.
mai,55540,script:CJK,- 祝贺你成功通过考试！（zhù hè nǐ chéng gōng tōng guò kǎo shì!）परीक्षा सफलतापूर्वक उत्तीर्ण करने पर बधाई!
mai,55541,script:CJK,- 我们祝贺公司成立十周年。（wǒmen zhùhè gōngsī chénglì shí zhōunián.）हम कंपनी को उसकी दसवीं वर्षगांठ पर बधाई देते हैं।
mai,55542,script:CJK,"- 请接受我们的祝贺，祝你新婚快乐！（qǐng jiēshòu wǒmen de zhùhè, zhù nǐ xīnhūn kuàilè!）कृपया हमारी बधाई स्वीकार करें और आपकी शादी की शुभक"
mai,55543,script:CJK,- 祝贺你晋升为部门经理。（zhù gòng nǐ jìn shēng wéi bù mén jīng lǐ.）विभाग प्रबंधक के पद पर आपकी पदोन्नति पर बधाई।
mai,55544,script:CJK,"- 祝贺你获得了这个奖项，你真是太棒了！（zhù hè nǐ huò dé le zhè ge jiǎngxiàng, nǐ zhēn shì tài bàng le!）इस पुरस्कार के लिए बधाई, आप अद्भुत "
mai,55545,script:CJK,"- 祝贺你的生日快乐，愿你的每一天都充满喜悦。（zhù hè nǐ de shēng rì kuài lè, yuàn nǐ de měi yī tiān dōu chōng mǎn xǐ yuè.）आपको जन्मदिन की बधाई"
mai,55546,script:CJK,- 祝贺你顺利完成了这个项目。（zhù hè nǐ shùn lì wán chéng le zhè ge xiàng mù.）इस प्रोजेक्ट को सफलतापूर्वक पूरा करने के लिए बधाई.
mai,55547,script:CJK,- 祝贺你的孩子考上了理想的大学。（zhù hè nǐ de hái zi kǎo shàng le lǐ xiǎng de dà xué.）आदर्श विश्वविद्यालय में प्रवेश पाने के लिए आपके ब
mai,55548,script:CJK,"- 祝贺你的新居装修完工，真漂亮！（zhù hè nǐ de xīn jū zhuāng xiū wán gōng, zhēn piào liàng!）अपना नया घर पूरा करने पर बधाई, यह सुंदर है!"
mai,55549,script:CJK,"- 祝贺你的婚礼圆满成功，祝你们幸福美满！（zhù hè nǐ de hūn lǐ yuán mǎn chéng gōng, zhù nǐ men xìng fú měi mǎn!）आपकी सफल शादी पर बधाई, मैं आप"
mai,55550,script:CJK,चीनी भाषा में「祝贺」 शब्द के बारे में सारांश
mai,55551,script:CJK,"इस पृष्ठ पर, हमने चीनी「祝贺」के लिए पिनयिन, रीडिंग, हिंदी अनुवाद और उदाहरण वाक्य पेश किए।"
mai,55552,script:CJK,「祝贺」hsk4स्तर का शब्द है.
mai,55553,script:CJK,"इस पृष्ठ पर, हम चीनी「竞争」की पिनयिन, इसे कैसे पढ़ें, इसका स्पेनिश अनुवाद और उदाहरण वाक्यों का परिचय देंगे।"
mai,55554,script:CJK,「竞争」hsk4 के लिए शब्द है।
mai,55555,script:CJK,"चीनी「竞争」 रीडिंग, पिनयिन, और पारंपरिक चीनी अक्षर"
mai,55556,script:CJK,"चीनी शब्द「竞争」 के लिए पिनयिन, रीडिंग और पारंपरिक चीनी अक्षरों का परिचय।"
mai,55557,script:CJK,चीनी「竞争」का हिंदी अनुवाद और उदाहरण वाक्य
mai,55558,script:CJK,चीनी「竞争」के हिंदी में निम्नलिखित अर्थ हैं:
mai,55559,script:CJK,竞争（jìng zhēng）का पहला अर्थप्रतियोगिताहै.
mai,55560,script:CJK,- 我们之间的竞争会让我们变得更强大。（wǒmen zhī jiān de jìngzhēng huì ràng wǒmen biàn dé gèng qiángdà.）हमारे बीच प्रतिस्पर्धा हमें मजबूत ब
mai,55561,script:CJK,"- 这个市场上的竞争非常激烈，我们需要找到突破口。（zhè gè shì chǎng shàng de jìng zhēng fēi cháng jī liè, wǒ men xū yào zhǎo dào tū pò kǒu。）इस बा"
mai,55562,script:CJK,- 他们之间的竞争已经持续了很长时间。（tāmen zhī jiān de jìngzhēng yǐjīng chíxùle hěn cháng shíjiān.）इनके बीच काफी समय से प्रतिद्वंद्विता च
mai,55563,script:CJK,"- 这个项目的竞争对手很多，我们需要做好充分准备。（zhè gè xiàngmù de jìngzhēng duìshǒu hěnduō, wǒmen xūyào zuòhǎo chōngfèn zhǔnbèi.）इस परियोजना क"
mai,55564,script:CJK,"- 在这个行业中，竞争是不可避免的。（zài zhè ge háng yè zhōng, jìng zhēng shì bù kě yǐ miǎn de.）इस उद्योग में प्रतिस्पर्धा अपरिहार्य है।"
mai,55565,script:CJK,- 他们之间的竞争已经演变成了一场激烈的战斗。（tāmen zhī jiān de jìngzhēng yǐjīng yǎnyǎn chéng le yī chǎng jīliè de zhàndòu.）उनके बीच की प्रतिद
mai,55566,script:CJK,- 这个公司一直在努力提高自己的竞争力。（zhè gè gōngsī yīzhí zài nǔlì tígāo zìjǐ de jìngzhēnglì.）कंपनी अपनी प्रतिस्पर्धात्मकता में सुधार के 
mai,55567,script:CJK,- 他们之间的竞争已经引起了广泛的关注。（tāmen zhī jiān de jìngzhēng yǐjīng yǐnqǐle guǎngbò de guānzhù.）उनके बीच की प्रतिद्वंद्विता ने व्याप
mai,55568,script:CJK,- 这个产品在市场上的竞争力非常强。（zhè gè chǎn pǐn zài shì chǎng shàng de jìng zhēng lì fēi cháng qiáng.）यह उत्पाद बाज़ार में बहुत प्रति
mai,55569,script:CJK,- 我们需要制定一些策略来应对激烈的竞争。（wǒmen xūyào zhìdìng yīxiē cèlüè lái yìngduì jīlì de jìngzhēng.）हमें कड़ी प्रतिस्पर्धा से निपटने के
mai,55570,script:CJK,चीनी भाषा में「竞争」 शब्द के बारे में सारांश
mai,55571,script:CJK,"इस पृष्ठ पर, हमने चीनी「竞争」के लिए पिनयिन, रीडिंग, हिंदी अनुवाद और उदाहरण वाक्य पेश किए।"
mai,55572,script:CJK,「竞争」hsk4स्तर का शब्द है.
mai,55573,script:CJK,"इस पृष्ठ पर, हम चीनी「决赛」की पिनयिन, इसे कैसे पढ़ें, इसका स्पेनिश अनुवाद और उदाहरण वाक्यों का परिचय देंगे।"
mai,55574,script:CJK,「决赛」hsk5 के लिए शब्द है।
mai,55575,script:CJK,"चीनी「决赛」 रीडिंग, पिनयिन, और पारंपरिक चीनी अक्षर"
mai,55576,script:CJK,"चीनी शब्द「决赛」 के लिए पिनयिन, रीडिंग और पारंपरिक चीनी अक्षरों का परिचय।"
mai,55577,script:CJK,चीनी「决赛」का हिंदी अनुवाद और उदाहरण वाक्य
mai,55578,script:CJK,चीनी「决赛」के हिंदी में निम्नलिखित अर्थ हैं:
mai,55580,script:CJK,决赛मतलब 1:अंतिम खेल
mai,55581,script:CJK,决赛（jué sài）का पहला अर्थअंतिम खेलहै.
mai,55582,script:CJK,- 我们的足球队将在明天的决赛中争夺冠军。（wǒmen de zúqiú duì jiāng zài míngtiān de juésài zhōng zhēngduó guànjūn.）हमारी फुटबॉल टीम कल के फाइ
mai,55583,script:CJK,"- 决赛开始前，选手们都非常紧张。（jué sài kāi shǐ qián, xuǎn shǒu men dōu fēi cháng jǐn zhāng.）फाइनल शुरू होने से पहले प्रतियोगी काफी घब"
mai,55584,script:CJK,- 这场决赛将决定谁能晋级下一轮比赛。（zhè chǎng juésài jiāng juédìng shuí néng jìnxíng xià yī lún bǐsài.）यह फाइनल तय करेगा कि अगले दौर में
mai,55585,script:CJK,- 决赛的结果将对我们的团队产生重大影响。（jué sài de jié guǒ jiāng duì wǒ men de tuán duì chǎn shēng zhòng dà yǐng xiǎng。）फाइनल के नतीजे का 
mai,55586,script:CJK,"- 他在决赛中表现出色，赢得了观众的掌声。（tā zài juésài zhōng biǎoxiàn chūsè, yíngdéle guānzhòng de zhǎngshēng.）फाइनल में उन्होंने अच्छा प्र"
mai,55587,script:CJK,"- 决赛的场地非常大，可以容纳数千名观众。（jué sài de chǎng dì fēi cháng dà, kě yǐ róng nà shù qiān míng guān zhòng.）फाइनल का आयोजन स्थल बहुत"
mai,55588,script:CJK,"- 这是我第一次参加决赛，我感到非常兴奋。（zhè shì wǒ dì yī cì cān jiā jué sài, wǒ gǎn dào fēi cháng xīng fèn.）यह फाइनल में मेरा पहला मौका है"
mai,55589,script:CJK,"- 决赛的比分一直紧张，直到最后一分钟才分出胜负。（jué sài de bǐ fēn yī zhí jǐn zhāng, zhí dào zuì hòu yī fēn zhōng cái fēn chū shèng fù.）विजेता "
mai,55590,script:CJK,- 决赛的胜利者将获得丰厚的奖金和荣誉。（jué sài de shèng lì zhě jiāng huò dé fēng hòu de jiǎng jīn hé róng yù.）फाइनल के विजेता को भरपूर बोन
mai,55591,script:CJK,- 我们的队伍在决赛中展现出了团队合作的精神。（wǒmen de duìzǔ zài juésài zhōng zhǎnxiàn chūle tuánduì hézuò de jīngshén.）हमारी टीम ने फाइनल में
mai,55592,script:CJK,चीनी भाषा में「决赛」 शब्द के बारे में सारांश
mai,55593,script:CJK,"इस पृष्ठ पर, हमने चीनी「决赛」के लिए पिनयिन, रीडिंग, हिंदी अनुवाद और उदाहरण वाक्य पेश किए।"
mai,55594,script:CJK,「决赛」hsk5स्तर का शब्द है.
mai,55595,script:CJK,"इस पृष्ठ पर, हम चीनी「近代」की पिनयिन, इसे कैसे पढ़ें, इसका स्पेनिश अनुवाद और उदाहरण वाक्यों का परिचय देंगे।"
mai,55596,script:CJK,「近代」hsk5 के लिए शब्द है।
mai,55597,script:CJK,"चीनी「近代」 रीडिंग, पिनयिन, और पारंपरिक चीनी अक्षर"
mai,55598,script:CJK,"चीनी शब्द「近代」 के लिए पिनयिन, रीडिंग और पारंपरिक चीनी अक्षरों का परिचय।"
mai,55599,script:CJK,चीनी「近代」का हिंदी अनुवाद और उदाहरण वाक्य
mai,55600,script:CJK,चीनी「近代」के हिंदी में निम्नलिखित अर्थ हैं:
mai,55602,script:CJK,近代मतलब 1:आधुनिक समय
mai,55603,script:CJK,近代（jìn dài）का पहला अर्थआधुनिक समयहै.
mai,55604,script:CJK,- 近代的科技改变了我们的生活方式。（jìn dài de kē jì gǎi biàn le wǒ men de shēng huó fāng shì.）आधुनिक तकनीक ने हमारे जीवन जीने के तरीके क
mai,55605,script:CJK,- 近代社会的发展需要全民的参与。（jìn dài shè huì de fā zhǎn xū yào quán mín de cān yù.）आधुनिक समाज के विकास के लिए संपूर्ण लोगों की भाग
mai,55606,script:CJK,- 近代艺术注重个人表达和创新。（jìn dài yì shù zhù zhòng gè rén biǎo dá hé chuàng xīn.）आधुनिक कला व्यक्तिगत अभिव्यक्ति और नवीनता पर कें
mai,55607,script:CJK,- 近代历史上发生了许多重大的变革。（jìn dài lì shǐ shàng fā shēng le xǔ duō zhòng dà de biàn zhé。）हाल के इतिहास में कई बड़े परिवर्तन हुए 
mai,55608,script:CJK,- 近代教育体系的建立促进了社会进步。（jìn dài jiào yù tǐ xì de jiàn lì cù jìn le shè huì jìn bù。）आधुनिक शिक्षा प्रणाली की स्थापना ने सामाज
mai,55609,script:CJK,- 近代工业革命对经济产生了深远的影响。（jìn dài gōng yè gé mìng duì jīng jì chǎn shēng le shēn yuǎn de yǐng xiǎng.）आधुनिक औद्योगिक क्रांति 
mai,55610,script:CJK,- 近代城市化带来了许多环境问题。（jìn dài chéngshìhuà dài lái le xǔduō huánjìng wèntí.）आधुनिक शहरीकरण ने कई पर्यावरणीय समस्याएँ ला दी है
mai,55611,script:CJK,- 近代军事技术的发展改变了战争的面貌。（jìn dài jūn shì jì shù de fā zhǎn gǎi biàn le zhàn zhēng de miàn mào.）आधुनिक सैन्य प्रौद्योगिकी के 
mai,55612,script:CJK,- 近代法律制度的建立保障了公平和正义。（jìn dài fǎ lǜ zhì dù de jiàn lì bǎo zhàng le gōng píng hé zhèng yì.）आधुनिक कानूनी प्रणाली की स्थापन
mai,55613,script:CJK,- 近代医学的进步提高了人们的健康水平。（jìn dài yī xué de jìn bù tígāo le rén men de jiàn kāng shuǐ píng.）आधुनिक चिकित्सा में प्रगति ने लोग
mai,55614,script:CJK,चीनी भाषा में「近代」 शब्द के बारे में सारांश
mai,55615,script:CJK,"इस पृष्ठ पर, हमने चीनी「近代」के लिए पिनयिन, रीडिंग, हिंदी अनुवाद और उदाहरण वाक्य पेश किए।"
mai,55616,script:CJK,「近代」hsk5स्तर का शब्द है.
mai,55617,script:CJK,"इस पृष्ठ पर, हम चीनी「卡车」की पिनयिन, इसे कैसे पढ़ें, इसका स्पेनिश अनुवाद और उदाहरण वाक्यों का परिचय देंगे।"
mai,55618,script:CJK,「卡车」hsk5 के लिए शब्द है।
mai,55619,script:CJK,"चीनी「卡车」 रीडिंग, पिनयिन, और पारंपरिक चीनी अक्षर"
mai,55620,script:CJK,"चीनी शब्द「卡车」 के लिए पिनयिन, रीडिंग और पारंपरिक चीनी अक्षरों का परिचय।"
mai,55621,script:CJK,चीनी「卡车」का हिंदी अनुवाद और उदाहरण वाक्य
mai,55622,script:CJK,चीनी「卡车」के हिंदी में निम्नलिखित अर्थ हैं:
mai,55623,script:CJK,卡车（kǎ chē）का पहला अर्थट्रकहै.
mai,55624,script:CJK,- 我昨天买了一辆新的卡车。（wǒ zuótiān mǎi le yī liàng xīn de kǎchē.）मैंने कल एक नया ट्रक खरीदा।
mai,55625,script:CJK,"- 这辆卡车太大了，无法通过狭窄的街道。（zhè liàng kǎ chē tài dà le, wú fǎ tōng guò xiá zhǎi de jiē dào.）संकरी सड़क के लिए ट्रक बहुत बड़ा है"
mai,55626,script:CJK,- 卡车司机需要具备一定的驾驶技巧。（kǎ chē sī jī xū yào jù bèi yī dìng de jià shǐ jì qǐ。）ट्रक ड्राइवरों के पास कुछ निश्चित ड्राइविंग कौशल
mai,55627,script:CJK,"- 卡车上装满了货物，准备发往目的地。（kǎ chē shàng zhuāng mǎn le huò wù, zhǔn bèi fā wǎng mù dì dì.）ट्रक माल से भरा है और गंतव्य तक भेजे ज"
mai,55628,script:CJK,"- 这辆卡车的发动机出了故障，需要修理。（zhè liàng kǎ chē de fā dòng jī chū le gù zhàng, xū yào xiū lǐ.）ट्रक का इंजन ख़राब हो गया है और मरम्"
mai,55629,script:CJK,- 卡车司机每天都要面对长时间的驾驶。（kǎ chē sī jī měi tiān dōu yào miàn duì cháng shí jiān de jià shǐ。）ट्रक चालकों को हर दिन लंबे समय तक 
mai,55630,script:CJK,- 卡车在高速公路上行驶时要注意安全。（kǎ chē zài gāo sù gōng lù shàng xíng shǐ shí yào zhù yì ān quán。）हाईवे पर ट्रक चलाते समय सावधान रहें
mai,55631,script:CJK,- 卡车的载重量决定了它能够运输的货物数量。（kǎ chē de zài zhòng liàng jué dìng le tā néng gòu yùn shū de huò wù shù liàng.）ट्रक की भार क्षमता
mai,55632,script:CJK,"- 卡车司机需要遵守交通规则，确保行车安全。（kǎ chē sī jī xū yào zūn shǒu jiāo tōng guī zé, què bǎo xíng chē ān quán。）ट्रक चालकों को ड्राइविंग"
mai,55633,script:CJK,- 卡车在城市交通中常常遇到拥堵的情况。（kǎ chē zài chéng shì jiāo tōng zhōng cháng cháng yù dào yōng dǔ de qíng kuàng。）ट्रकों को अक्सर शहरी
mai,55634,script:CJK,चीनी भाषा में「卡车」 शब्द के बारे में सारांश
mai,55635,script:CJK,"इस पृष्ठ पर, हमने चीनी「卡车」के लिए पिनयिन, रीडिंग, हिंदी अनुवाद और उदाहरण वाक्य पेश किए।"
mai,55636,script:CJK,「卡车」hsk5स्तर का शब्द है.
mai,55637,script:CJK,"इस पृष्ठ पर, हम चीनी「减少」की पिनयिन, इसे कैसे पढ़ें, इसका स्पेनिश अनुवाद और उदाहरण वाक्यों का परिचय देंगे।"
mai,55638,script:CJK,「减少」hsk4 के लिए शब्द है।
mai,55639,script:CJK,"चीनी「减少」 रीडिंग, पिनयिन, और पारंपरिक चीनी अक्षर"
mai,55640,script:CJK,"चीनी शब्द「减少」 के लिए पिनयिन, रीडिंग और पारंपरिक चीनी अक्षरों का परिचय।"
mai,55641,script:CJK,चीनी「减少」का हिंदी अनुवाद और उदाहरण वाक्य
mai,55642,script:CJK,चीनी「减少」के हिंदी में निम्नलिखित अर्थ हैं:
mai,55643,script:CJK,减少（jiǎn shǎo）का पहला अर्थघटानाहै.
mai,55644,script:CJK,- 这个月的销售额减少了百分之十。（zhè gè yuè de xiāo shòu é jiǎn shǎo le bǎi fēn zhī shí.）इस महीने बिक्री दस प्रतिशत कम है।
mai,55645,script:CJK,"- 由于疫情的影响，旅游业的收入减少了很多。（yóu yú yì qíng de yǐng xiǎng, lǚ yóu yè de shōu rù jiǎn shǎo le hěn duō.）महामारी के प्रभाव के कार"
mai,55646,script:CJK,"- 为了减少浪费，我们应该购买适量的食物。（wèi le jiǎnshǎo làngfèi, wǒmen yīnggāi gòumǎi shìliàng de shíwù.）बर्बादी कम करने के लिए हमें सही म"
mai,55647,script:CJK,"- 为了减少交通拥堵，政府鼓励市民使用公共交通工具。（wèi le jiǎnshǎo jiāotōng yōngdǔ, zhèngfǔ gǔlì shìmín shǐyòng gōnggòng jiāotōng gōngjù.）याताया"
mai,55648,script:CJK,- 环保组织呼吁减少塑料袋的使用。（huán bǎo zǔ zhī hū yù jiǎn shǎo sù liào dài de shǐ yòng.）पर्यावरण समूह प्लास्टिक बैग के उपयोग में कमी 
mai,55649,script:CJK,"- 为了减少能源消耗，我们应该关掉不必要的电器。（wèi le jiǎnshǎo néngyuán xiāohào, wǒmen yīnggāi guānbi dǎbùyào de diànqì.）ऊर्जा की खपत कम करने "
mai,55650,script:CJK,- 这家公司计划减少员工的加班时间。（zhè jiā gōngsī jìhuà jiǎnshǎo yuángōng de jiābān shíjiān.）कंपनी की योजना कर्मचारियों के लिए ओवरटाइम घ
mai,55651,script:CJK,"- 为了减少空气污染，政府实施了更严格的排放标准。（wèi le jiǎnshǎo kōngqì wūrǎn, zhèngfǔ shíshī le gèng yánshuāng de páifàng biāozhǔn.）वायु प्रदू"
mai,55652,script:CJK,- 这个项目的预算被减少了一半。（zhè gè xiàngmù de yùsuàn bèi jiǎnshǎo le yībàn.）इस परियोजना का बजट आधा कर दिया गया।
mai,55653,script:CJK,"- 为了减少噪音污染，市政府在市中心建设了静音区。（wèi le jiǎnshǎo zàoyīn wūrǎn, shìzhèngfǔ zài shì zhōngxīn jiànshè le jìngyīn qū.）ध्वनि प्रदूषण"
mai,55654,script:CJK,चीनी भाषा में「减少」 शब्द के बारे में सारांश
mai,55655,script:CJK,"इस पृष्ठ पर, हमने चीनी「减少」के लिए पिनयिन, रीडिंग, हिंदी अनुवाद और उदाहरण वाक्य पेश किए।"
mai,55656,script:CJK,「减少」hsk4स्तर का शब्द है.
mai,55657,script:CJK,"इस पृष्ठ पर, हम चीनी「观众」की पिनयिन, इसे कैसे पढ़ें, इसका स्पेनिश अनुवाद और उदाहरण वाक्यों का परिचय देंगे।"
mai,55658,script:CJK,「观众」hsk4 के लिए शब्द है।
mai,55659,script:CJK,"चीनी「观众」 रीडिंग, पिनयिन, और पारंपरिक चीनी अक्षर"
mai,55660,script:CJK,"चीनी शब्द「观众」 के लिए पिनयिन, रीडिंग और पारंपरिक चीनी अक्षरों का परिचय।"
mai,55661,script:CJK,चीनी「观众」का हिंदी अनुवाद और उदाहरण वाक्य
mai,55662,script:CJK,चीनी「观众」के हिंदी में निम्नलिखित अर्थ हैं:
mai,55663,script:CJK,观众（guān zhòng）का पहला अर्थश्रोताहै.
mai,55664,script:CJK,"- 今天的观众非常热情，给了演员们很多掌声。（jīn tiān de guān zhòng fēi cháng rè qíng, gěi le yǎn yuán men hěn duō zhǎng shēng.）दर्शक आज बेहद "
mai,55665,script:CJK,- 观众们都聚精会神地看着舞台上的表演。（guān zhòng men dōu jù jīng huì shén de kàn zhe chuáng tái shàng de biǎo yǎn.）दर्शकों ने मंच पर प्रस
mai,55666,script:CJK,- 这部电影吸引了大量观众前来观看。（zhè bù diànyǐng xīyǐn le dàliàng guānzhòng qiánlái guānkan。）फिल्म ने बड़ी संख्या में दर्शकों को देखने
mai,55667,script:CJK,"- 观众们纷纷起立鼓掌，向演员们表示敬意。（guān zhòng men fēn fēn qǐ lì gǔ zhǎng, xiàng yǎn yuán men biǎo shì jìng yì.）दर्शकों ने कलाकारों के"
mai,55668,script:CJK,"- 演唱会上的观众们欢呼雀跃，尽情享受音乐的魅力。（yǎn chàng huì shàng de guān zhòng men huān hū què yuè, jìn qíng xiǎng yōng yīn yuè de mèi lì.）"
mai,55670,script:CJK,"- 观众们在剧院里安静地坐着，等待着演出的开始。（guān zhòng men zài jù yuàn lǐ ān jìng de zuò zhe, děng dài zhe yǎn chū de kāi shǐ.）दर्शक थिएटर "
mai,55671,script:CJK,- 这个节目的观众来自不同的年龄层，包括小孩和老人。（zhè ge jié mù de guān zhòng lái zì bù tóng de nián líng céng，bāo kuò xiǎo hái hé lǎo rén。）इस 
mai,55673,script:CJK,"- 演员们在舞台上尽情展示才艺，赢得了观众们的喝彩。（yǎn yuán men zài wǔ tái shàng jìn qíng zhǎn shì cái yì, yíng dé le guān zhòng men de hè cǎi.）"
mai,55674,script:CJK,चीनी भाषा में「观众」 शब्द के बारे में सारांश
mai,55675,script:CJK,"इस पृष्ठ पर, हमने चीनी「观众」के लिए पिनयिन, रीडिंग, हिंदी अनुवाद और उदाहरण वाक्य पेश किए।"
mai,55676,script:CJK,「观众」hsk4स्तर का शब्द है.
mai,55677,script:CJK,"इस पृष्ठ पर, हम चीनी「臭」की पिनयिन, इसे कैसे पढ़ें, इसका स्पेनिश अनुवाद और उदाहरण वाक्यों का परिचय देंगे।"
mai,55678,script:CJK,「臭」hsk5 के लिए शब्द है।
mai,55679,script:CJK,"चीनी「臭」 रीडिंग, पिनयिन, और पारंपरिक चीनी अक्षर"
mai,55680,script:CJK,"चीनी शब्द「臭」 के लिए पिनयिन, रीडिंग और पारंपरिक चीनी अक्षरों का परिचय।"
mai,55681,script:CJK,चीनी「臭」का हिंदी अनुवाद और उदाहरण वाक्य
mai,55682,script:CJK,चीनी「臭」के हिंदी में निम्नलिखित अर्थ हैं:
mai,55683,script:CJK,臭（chòu）का पहला अर्थगंधहै.
mai,55684,script:CJK,"- 这个菜很臭，我不想吃。（zhè gè cài hěn chòu, wǒ bù xiǎng chī.）यह डिश बहुत बदबूदार है, मैं इसे खाना नहीं चाहता."
mai,55685,script:CJK,"- 我的鞋子很臭，需要洗一洗。（wǒ de xiézi hěn chòu, xūyào xǐ yī xǐ.）मेरे जूतों से बदबू आ रही है और उन्हें धोना पड़ेगा।"
mai,55686,script:CJK,"- 他的口气很臭，你不要靠近他。（tā de kǒuqì hěn chòu, nǐ bùyào kàojìn tā.）उसकी सांसों से बदबू आ रही है, उसके पास मत जाओ."
mai,55687,script:CJK,"- 这个垃圾桶里的垃圾太臭了，快倒掉吧。（zhè gè lā jī tǒng lǐ de lā jī tài chòu le, kuài dào diào ba.）इस कूड़ेदान में कूड़ा बहुत बदबूदार है,"
mai,55688,script:CJK,"- 这个地方的空气很臭，我不喜欢呆在这里。（zhè ge dìfang de kōngqì hěn chòu, wǒ bù xǐhuān dāi zài zhèlǐ.）इस जगह की हवा से बदबू आती है, मुझे य"
mai,55689,script:CJK,"- 这个水果已经变质了，闻起来很臭。（zhè ge shuǐguǒ yǐjīng biànzhì le, wén qǐlái hěn chòu.）फल खराब हो गया है और बदबू आ रही है।"
mai,55690,script:CJK,"- 这个房间里有一股臭味，可能是有东西坏了。（zhè gè fáng jiān lǐ yǒu yī gǔ chòu wèi, kěnéng shì yǒu dōngxi huài le.）इस कमरे में बहुत बदबू आ रह"
mai,55691,script:CJK,- 这个污水处理厂附近常常有臭味飘来。（zhè gè wū shuǐ chǔ lǐ chǎng fù jìn cháng cháng yǒu chòu wèi piāo lái。）इस सीवेज ट्रीटमेंट प्लांट के आ
mai,55692,script:CJK,"- 这个厕所的气味太臭了，你最好不要进去。（zhè ge cèsuǒ de qìwèi tài chòu le, nǐ zuìhǎo bùyào jìnqù.）इस शौचालय से इतनी दुर्गंध आती है कि बेहत"
mai,55693,script:CJK,- 这个鱼市场的气味真是臭气熏天。（zhè gè yú shì chǎng de qì wèn zhēn shì chòu qì xūn tiān.）इस मछली बाज़ार की गंध सचमुच बहुत बदबूदार है।
mai,55694,script:CJK,चीनी भाषा में「臭」 शब्द के बारे में सारांश
mai,55695,script:CJK,"इस पृष्ठ पर, हमने चीनी「臭」के लिए पिनयिन, रीडिंग, हिंदी अनुवाद और उदाहरण वाक्य पेश किए।"
mai,55696,script:CJK,「臭」hsk5स्तर का शब्द है.
mai,55697,script:CJK,"इस पृष्ठ पर, हम चीनी「煤炭」की पिनयिन, इसे कैसे पढ़ें, इसका स्पेनिश अनुवाद और उदाहरण वाक्यों का परिचय देंगे।"
mai,55698,script:CJK,「煤炭」hsk5 के लिए शब्द है।
mai,55699,script:CJK,"चीनी「煤炭」 रीडिंग, पिनयिन, और पारंपरिक चीनी अक्षर"
mai,55700,script:CJK,"चीनी शब्द「煤炭」 के लिए पिनयिन, रीडिंग और पारंपरिक चीनी अक्षरों का परिचय।"
mai,55701,script:CJK,चीनी「煤炭」का हिंदी अनुवाद और उदाहरण वाक्य
mai,55702,script:CJK,चीनी「煤炭」के हिंदी में निम्नलिखित अर्थ हैं:
mai,55703,script:CJK,煤炭（méi tàn）का पहला अर्थकोयलाहै.
mai,55704,script:CJK,- 我们国家的能源主要依赖煤炭。（wǒmen guójiā de néngyuán zhǔyào yīlài méitàn.）हमारा देश ऊर्जा के लिए कोयले पर बहुत अधिक निर्भर है।
mai,55705,script:CJK,- 这个地区的经济发展与煤炭产业密切相关。（zhè gè dì qū de jīng jì fā zhǎn yǔ méi tàn chǎn yè mì qīn guān xi。）इस क्षेत्र के आर्थिक विकास का क
mai,55706,script:CJK,- 煤炭是一种重要的化石燃料。（méi tàn shì yī zhǒng zhòng yào de huà shí rán liào.）कोयला एक महत्वपूर्ण जीवाश्म ईंधन है।
mai,55707,script:CJK,- 煤炭的开采对环境造成了严重的污染。（méi tàn de kāi cǎi duì huán jìng zào chéng le yán zhòng de wū rǎn.）कोयला खनन से पर्यावरण को गंभीर प्
mai,55708,script:CJK,- 这个城市的空气质量受到煤炭燃烧的影响。（zhè gè chéng shì de kōng qì zhì liàng shòu dào méi tàn rán shāo de yǐng xiǎng.）कोयला जलाने से शहर 
mai,55709,script:CJK,- 煤炭的价格在过去几年里一直在上涨。（méi tàn de jiàgé zài guòqù jǐ nián lǐ yīzhí zài shàngzhǎng.）पिछले कुछ वर्षों में कोयले की कीमत बढ़ती
mai,55710,script:CJK,- 煤炭工人的工作条件非常艰苦。（méi tàn gōng rén de gōng zuò tiáo jiàn fēi cháng ái kǔ.）कोयला श्रमिकों की कार्य परिस्थितियाँ बहुत कठोर 
mai,55711,script:CJK,- 煤炭的使用量直接影响着能源消耗的情况。（méi tàn de shǐ yòng liàng zhí jiē yǐng xiǎng zhe néng yuán xiāo hào de qíng kuàng.）उपयोग किए गए को
mai,55712,script:CJK,"- 煤炭的储量在不断减少，我们需要寻找替代能源。（méi tàn de chǔ liàng zài bù duàn jiǎn shǎo, wǒ men xū yào xún zhǎo tì dài néng yuán.）कोयले के भ"
mai,55713,script:CJK,- 煤炭产业的发展对当地就业起到了重要的推动作用。（méi tàn chǎn yè de fā zhǎn duì dāng dì jiù yè qǐ dào le zhòng yào de tuī dòng zuò yòng。）कोयला 
mai,55714,script:CJK,चीनी भाषा में「煤炭」 शब्द के बारे में सारांश
mai,55715,script:CJK,"इस पृष्ठ पर, हमने चीनी「煤炭」के लिए पिनयिन, रीडिंग, हिंदी अनुवाद और उदाहरण वाक्य पेश किए।"
mai,55716,script:CJK,「煤炭」hsk5स्तर का शब्द है.
mai,55717,script:CJK,"इस पृष्ठ पर, हम चीनी「军事」की पिनयिन, इसे कैसे पढ़ें, इसका स्पेनिश अनुवाद और उदाहरण वाक्यों का परिचय देंगे।"
mai,55718,script:CJK,「军事」hsk5 के लिए शब्द है।
mai,55719,script:CJK,"चीनी「军事」 रीडिंग, पिनयिन, और पारंपरिक चीनी अक्षर"
mai,55720,script:CJK,"चीनी शब्द「军事」 के लिए पिनयिन, रीडिंग और पारंपरिक चीनी अक्षरों का परिचय।"
mai,55721,script:CJK,चीनी「军事」का हिंदी अनुवाद और उदाहरण वाक्य
mai,55722,script:CJK,चीनी「军事」के हिंदी में निम्नलिखित अर्थ हैं:
mai,55723,script:CJK,军事（jūn shì）का पहला अर्थसैन्यहै.
mai,55724,script:CJK,- 军事是国家安全的重要组成部分。（jūn shì shì guó jiā ān quán de zhòng yào zǔ chéng bù fen。）सेना राष्ट्रीय सुरक्षा का एक महत्वपूर्ण हिस्
mai,55725,script:CJK,- 这本书详细介绍了军事战略的发展历程。（zhè běn shū xiáng xi jiè shào le jūn shì zhàn lüè de fā zhǎn lì chéng.）यह पुस्तक सैन्य रणनीति के वि
mai,55726,script:CJK,- 军事训练对于士兵的成长至关重要。（jūn shì xùn liàn duì yú shì bīng de chéng zhǎng zhì guān zhòng yào zhòng yào.）एक सैनिक के विकास के लि
mai,55727,script:CJK,- 军事技术的进步为国家的防御能力提供了强大支持。（jūn shì jì shù de jìn bù wèi guó jiā de fáng shè néng lì tí gōng le qiáng dà zhī chí。）सैन्य प्
mai,55728,script:CJK,- 军事行动需要充分的计划和准备。（jūn shì xíng dòng xū yào chōng fèn de jì huà hé zhǔn bèi.）सैन्य अभियानों के लिए गहन योजना और तैयारी की
mai,55729,script:CJK,- 军事力量的发展应与国家的经济实力相匹配。（jūn shì lì liàng de fā zhǎn yīng yǔ guó jiā de jīng jì shí lì xiāng pì pèi.）सैन्य शक्ति का विकास 
mai,55730,script:CJK,- 军事情报的收集和分析对于战争决策至关重要。（jūn shì qíng bào de shōu jí hé fēn xī duì yú zhàn zhēng jué cè zhì guān zhòng yào.）युद्ध संबंधी 
mai,55731,script:CJK,- 军事演习是提高部队战斗力的重要手段。（jūn shì yǎn xí shì tí gāo bù duì zhàn dòu lì de zhòng yào shǒu duàn.）सैन्य अभ्यास सैनिकों की युद्ध 
mai,55732,script:CJK,- 军事装备的现代化是军队现代化建设的重要方面。（jūn shì zhuāng bèi de xiàn dài huà shì jūn duì xiàn dài huà jiàn shè de zhòng yào fāng miàn.）सै
mai,55733,script:CJK,- 军事行动必须遵守国际法和人道主义原则。（jūn shì xíng dòng bì xū zūn shǒu guó jì fǎ hé rén dào zhǔ yì。）सैन्य अभियानों को अंतरराष्ट्रीय कानू
mai,55734,script:CJK,चीनी भाषा में「军事」 शब्द के बारे में सारांश
mai,55735,script:CJK,"इस पृष्ठ पर, हमने चीनी「军事」के लिए पिनयिन, रीडिंग, हिंदी अनुवाद और उदाहरण वाक्य पेश किए।"
mai,55736,script:CJK,「军事」hsk5स्तर का शब्द है.
mai,55737,script:CJK,"इस पृष्ठ पर, हम चीनी「正常」की पिनयिन, इसे कैसे पढ़ें, इसका स्पेनिश अनुवाद और उदाहरण वाक्यों का परिचय देंगे।"
mai,55738,script:CJK,「正常」hsk4 के लिए शब्द है।
mai,55739,script:CJK,"चीनी「正常」 रीडिंग, पिनयिन, और पारंपरिक चीनी अक्षर"
mai,55740,script:CJK,"चीनी शब्द「正常」 के लिए पिनयिन, रीडिंग और पारंपरिक चीनी अक्षरों का परिचय।"
mai,55741,script:CJK,चीनी「正常」का हिंदी अनुवाद और उदाहरण वाक्य
mai,55742,script:CJK,चीनी「正常」के हिंदी में निम्नलिखित अर्थ हैं:
mai,55743,script:CJK,正常（zhèng cháng）का पहला अर्थसामान्यहै.
mai,55744,script:CJK,- 这个电视机的工作状态很正常。（zhè ge diànshìjī de gōngzuò zhuàngtài hěn zhèngcháng.）टीवी ठीक काम कर रहा है.
mai,55745,script:CJK,"- 他的反应很正常，不必担心。（tā de fǎn yìng hěn zhèng cháng, bù bì dān xīn.）उनकी प्रतिक्रियाएँ सामान्य हैं और चिंता की कोई बात नहीं ह"
mai,55746,script:CJK,- 我们应该保持正常的作息时间。（wǒmen yīnggāi bǎochí zhèngcháng de zuòxī shíjiān.）हमें अपने काम और आराम का कार्यक्रम सामान्य रखना चाहिए
mai,55747,script:CJK,- 这是一种正常的生理现象。（zhè shì yī zhǒng zhèng cháng de shēng lǐ xiàn xiàng.）यह एक सामान्य शारीरिक घटना है.
mai,55748,script:CJK,"- 他的行为举止很正常，没有任何异常。（tā de xíngwéi jǔzuò hěn zhèngcháng, méiyǒu rènhé yìcháng.）उनका व्यवहार सामान्य था, कुछ भी सामान्य नह"
mai,55749,script:CJK,"- 在这个城市，交通拥堵是很正常的事情。（zài zhè ge chéng shì, jiāo tōng yōng dǔ shì hěn zhèng cháng de shì qíng.）इस शहर में ट्रैफिक जाम होन"
mai,55750,script:CJK,- 他的身体检查结果显示一切正常。（tā de shēntǐ jiǎnchá jiéguǒ xiǎnshì yīqiè zhèngcháng.）उनके शारीरिक परीक्षण के नतीजों से पता चला कि सब 
mai,55751,script:CJK,- 这个问题在我们的讨论中是正常的话题。（zhè ge wèn tí zài wǒ men de tǎo lùn zhōng shì zhèng cháng de huà tí.）यह प्रश्न हमारी चर्चाओं में एक
mai,55752,script:CJK,"- 他的发言方式很正常，没有任何偏见。（tā de fāyán fāngshì hěn zhèngcháng, méiyǒu rènhé piānjiàn.）उन्होंने बिना किसी पूर्वाग्रह के सामान्य "
mai,55753,script:CJK,"- 这个机器的运行速度很正常，没有出现故障。（zhè ge jī qì de yùn xíng sù dù hěn zhèng cháng, méi yǒu chū xiàn gù zhàng.）मशीन बिना किसी खराबी क"
mai,55754,script:CJK,चीनी भाषा में「正常」 शब्द के बारे में सारांश
mai,55755,script:CJK,"इस पृष्ठ पर, हमने चीनी「正常」के लिए पिनयिन, रीडिंग, हिंदी अनुवाद और उदाहरण वाक्य पेश किए।"
mai,55756,script:CJK,「正常」hsk4स्तर का शब्द है.
mai,55757,script:CJK,"इस पृष्ठ पर, हम चीनी「角色」की पिनयिन, इसे कैसे पढ़ें, इसका स्पेनिश अनुवाद और उदाहरण वाक्यों का परिचय देंगे।"
mai,55758,script:CJK,「角色」hsk5 के लिए शब्द है।
mai,55759,script:CJK,"चीनी「角色」 रीडिंग, पिनयिन, और पारंपरिक चीनी अक्षर"
mai,55760,script:CJK,"चीनी शब्द「角色」 के लिए पिनयिन, रीडिंग और पारंपरिक चीनी अक्षरों का परिचय।"
mai,55761,script:CJK,चीनी「角色」का हिंदी अनुवाद और उदाहरण वाक्य
mai,55762,script:CJK,चीनी「角色」के हिंदी में निम्नलिखित अर्थ हैं:
mai,55763,script:CJK,角色（jué sè）का पहला अर्थभूमिकाहै.
mai,55764,script:CJK,- 我在这个戏剧中扮演一个重要的角色。（wǒ zài zhè ge xìjù zhōng bàn yǎn yī gè zhòng yào de jué sè.）इस नाटक में मेरी अहम भूमिका है.
mai,55765,script:CJK,- 他在公司中担任领导角色。（tā zài gōngsī zhōng dānrèn lǐngdǎo juésè.）वह कंपनी में नेतृत्वकारी भूमिका निभाते हैं।
mai,55766,script:CJK,- 她在家庭中扮演着母亲的角色。（tā zài jiātíng zhōng bàn yǎn zhe mǔqīn de juésè.）वह परिवार में माँ की भूमिका निभाती है।
mai,55767,script:CJK,- 这个演员非常擅长演绎各种不同的角色。（zhè ge yǎn yuán fēi cháng shàn guāng yǎn wèi gè zhǒng bù tóng de jué sè.）यह अभिनेता विभिन्न प्रकार 
mai,55768,script:CJK,"- 在这个项目中，每个人都有自己的角色和责任。（zài zhè ge xiàng mù zhōng, měi gè rén dōu yǒu zì jǐ de jué sè hé zé rèn.）इस परियोजना में, सभी की"
mai,55769,script:CJK,- 他在这个团队中扮演着技术支持的角色。（tā zài zhè ge tuán duì zhōng bàn yǎn zhe jìshù zhīchí de jué sè。）वह इस टीम में तकनीकी सहायता की भूम
mai,55770,script:CJK,- 这个电影中的主角扮演了一个勇敢的警察角色。（zhè ge diànyǐng zhōng de zhǔjiǎo bàn yǎn le yī gè yǒnggǎn de jǐngchá juésè.）इस फिल्म में मुख्य क
mai,55771,script:CJK,- 她在这个剧本中饰演了一个复杂的角色。（tā zài zhè ge jùběn zhōng yǐngyǎn le yī gè fùzá de juésè.）इस स्क्रिप्ट में वह एक जटिल किरदार निभा र
mai,55772,script:CJK,- 这个角色需要有很高的表演技巧和情感表达能力。（zhè gè jué sè xū yào yǒu hěn gāo de biǎo yǎn jì qiǎo hé qíng gǎn biǎo dá néng lì.）इस भूमिका के 
mai,55773,script:CJK,"- 在这个故事中，他扮演了一个受害者的角色。（zài zhè ge gù shì zhōng, tā bàn yǎn le yī gè shòu hài zhě de jué sè.）इस कहानी में उन्होंने एक पीड"
mai,55774,script:CJK,चीनी भाषा में「角色」 शब्द के बारे में सारांश
mai,55775,script:CJK,"इस पृष्ठ पर, हमने चीनी「角色」के लिए पिनयिन, रीडिंग, हिंदी अनुवाद और उदाहरण वाक्य पेश किए।"
mai,55776,script:CJK,「角色」hsk5स्तर का शब्द है.
mai,55777,script:CJK,"इस पृष्ठ पर, हम चीनी「经典」की पिनयिन, इसे कैसे पढ़ें, इसका स्पेनिश अनुवाद और उदाहरण वाक्यों का परिचय देंगे।"
mai,55778,script:CJK,「经典」hsk5 के लिए शब्द है।
mai,55779,script:CJK,"चीनी「经典」 रीडिंग, पिनयिन, और पारंपरिक चीनी अक्षर"
mai,55780,script:CJK,"चीनी शब्द「经典」 के लिए पिनयिन, रीडिंग और पारंपरिक चीनी अक्षरों का परिचय।"
mai,55781,script:CJK,चीनी「经典」का हिंदी अनुवाद और उदाहरण वाक्य
mai,55782,script:CJK,चीनी「经典」के हिंदी में निम्नलिखित अर्थ हैं:
mai,55783,script:CJK,经典（jīng diǎn）का पहला अर्थक्लासिकहै.
mai,55784,script:CJK,- 这本书是中国文学的经典之作。（zhè běn shū shì zhōng guó wén xué de jīng diǎn zhī zuò.）यह पुस्तक चीनी साहित्य का एक क्लासिक है।
mai,55785,script:CJK,- 我们今天要学习的是一部经典的电影。（wǒmen jīntiān yào xuéxí de shì yī bù jīngdiǎn de diànyǐng.）आज हम जो अध्ययन करने जा रहे हैं वह एक क्ल
mai,55786,script:CJK,- 这个故事是中国古代经典小说的改编。（zhè gè gù shì shì zhōng guó gǔ dài jīng diǎn xiǎo shuō de gǎi biān.）यह कहानी एक प्राचीन चीनी क्लासिक
mai,55787,script:CJK,- 这首曲子是古典音乐中的经典之一。（zhè shǒu qǔ zi shì gǔ diǎn yīn yuè zhōng de jīng diǎn zhī yī.）यह टुकड़ा शास्त्रीय संगीत के क्लासिक्स 
mai,55788,script:CJK,- 这个地方是中国历史上的经典景点。（zhè ge dì fāng shì zhōng guó lì shǐ shàng de jīng diǎn jǐng diǎn.）यह स्थान चीनी इतिहास का एक उत्कृष्ट
mai,55789,script:CJK,- 这个诗人的作品被誉为中国诗歌的经典之一。（zhè gè shī rén de zuò pǐn bèi yù wèi zhōng guó shī gē de jīng diǎn zhī yī.）कवि की रचनाओं को चीनी 
mai,55790,script:CJK,- 这个戏剧是中国戏曲中的经典之作。（zhè gè xì jù shì zhōng guó xì qǔ zhōng de jīng diǎn zhī zuò.）यह नाटक चीनी ओपेरा में एक क्लासिक है।
mai,55791,script:CJK,- 这个画家的作品被认为是中国绘画的经典之一。（zhè gè huà jiā de zuò pǐn bèi rèn wéi shì zhōng guó huì huà de jīng diǎn zhī yī.）इस चित्रकार का 
mai,55792,script:CJK,- 这个菜肴是中国烹饪中的经典之一。（zhè gè càiyáo shì zhōngguó pēngrèn zhōng de jīngdiǎn zhī yī.）यह व्यंजन चीनी खाना पकाने में क्लासिक्स 
mai,55793,script:CJK,- 这个武术套路是中国武术中的经典之一。（zhè gè wǔ shù tào lù shì zhōng guó wǔ shù zhōng de jīng diǎn zhī yī.）यह मार्शल आर्ट दिनचर्या चीनी म
mai,55794,script:CJK,चीनी भाषा में「经典」 शब्द के बारे में सारांश
mai,55795,script:CJK,"इस पृष्ठ पर, हमने चीनी「经典」के लिए पिनयिन, रीडिंग, हिंदी अनुवाद और उदाहरण वाक्य पेश किए।"
mai,55796,script:CJK,「经典」hsk5स्तर का शब्द है.
mai,55797,script:CJK,"इस पृष्ठ पर, हम चीनी「世纪」की पिनयिन, इसे कैसे पढ़ें, इसका स्पेनिश अनुवाद और उदाहरण वाक्यों का परिचय देंगे।"
mai,55798,script:CJK,「世纪」hsk4 के लिए शब्द है।
mai,55799,script:CJK,"चीनी「世纪」 रीडिंग, पिनयिन, और पारंपरिक चीनी अक्षर"
mai,55800,script:CJK,"चीनी शब्द「世纪」 के लिए पिनयिन, रीडिंग और पारंपरिक चीनी अक्षरों का परिचय।"
mai,55801,script:CJK,चीनी「世纪」का हिंदी अनुवाद और उदाहरण वाक्य
mai,55802,script:CJK,चीनी「世纪」के हिंदी में निम्नलिखित अर्थ हैं:
mai,55803,script:CJK,世纪（shì jì）का पहला अर्थशतकहै.
mai,55804,script:CJK,"- 这是一个新的世纪，我们要迎接新的挑战。（zhè shì yī gè xīn de shì jì, wǒ men yào yíng jiē xīn de tiǎo zhàn.）यह नई सदी है, हमें नई चुनौतियों"
mai,55805,script:CJK,- 他是这个世纪最伟大的科学家之一。（tā shì zhè ge shì jì zuì wěi dà de kē xué jiā zhī yī.）वह इस सदी के महानतम वैज्ञानिकों में से एक हैं।
mai,55806,script:CJK,- 这本书记录了上个世纪的历史事件。（zhè běn shū jìlù le shàng gè shìjì de lìshǐ shìjiàn.）यह पुस्तक पिछली शताब्दी की ऐतिहासिक घटनाओं को दर
mai,55807,script:CJK,- 我们正生活在一个信息世纪。（wǒmen zhèng shēnghuó zài yīgè xìnxī shìjì.）हम सूचना युग में रह रहे हैं।
mai,55808,script:CJK,- 这个发明将改变我们这个世纪的交通方式。（zhè gè fāmíng jiāng gǎibiàn wǒmen zhège shìjì de jiāotōng fāngshì.）यह आविष्कार इस सदी में हमारे या
mai,55809,script:CJK,- 这个项目代表了现代世纪的创新精神。（zhè gè xiàngmù dàibiǎo le xiàndài shìjì de chuàngxīn jīngshén.）यह परियोजना आधुनिक सदी की नवीन भावना 
mai,55810,script:CJK,- 这个世纪的技术进步是前所未有的。（zhè ge shì jì de jì shù jìn bù shì qián suǒ wèi yǒu de.）इस सदी की तकनीकी प्रगति अभूतपूर्व है।
mai,55811,script:CJK,- 这个世纪的青年们将承担起重要的责任。（zhè ge shì jì de qīng nián men jiāng chéng dān qǐ zhòng yào de zé rèn.）इस सदी के युवा महत्वपूर्ण जि
mai,55812,script:CJK,- 这个世纪的艺术作品充满了创造力和想象力。（zhè ge shì jì de yì shù zuò pǐn chōng mǎn le chuàng zào lì hé xiǎng xiàng lì）इस सदी की कला कृतिया
mai,55813,script:CJK,- 我们应该为下一个世纪的发展做好准备。（wǒmen yīnggāi wèi xià yīgè shìjì de fāzhǎn zuòhǎo zhǔnbèi.）हमें अगली सदी के विकास के लिए तैयार रहना
mai,55814,script:CJK,चीनी भाषा में「世纪」 शब्द के बारे में सारांश
mai,55815,script:CJK,"इस पृष्ठ पर, हमने चीनी「世纪」के लिए पिनयिन, रीडिंग, हिंदी अनुवाद और उदाहरण वाक्य पेश किए।"
mai,55816,script:CJK,「世纪」hsk4स्तर का शब्द है.
mai,56147,neardup,"पियर पिताम्बर शिवके कोबर घर गेल्, पियर पिताम्बर छोडी -२, […]"
mai,56957,script:BENGALI,गांड मारी वीडियो सपना चौधरी के सेक्सी वीडियो সানি লিওন বফঁ चूत लंड का वीडियो सेक्स वीडियो चूत में लंड क सक सक स ब ड ओ ह 
mai,57768,script:TAMIL,तमिल् (தமிழ்) एगो सास्त्रीय द्राबिड़ीयभाषा हे जे मूलरूप से दक्खिन एसियाके तमिल् जनद्वारा बोलल जाहे ।
mai,61375,script:KANNADA,"बेङ्गलूरु (कन्नड: ಬೆಂಗಳೂರು, बॆङ्गळूरु; पूराना नाम : बैङ्गलोर/बङ्गलौर) भारतके कर्नाटक राज्जके राजधानी हे ।"
mai,61612,neardup,आज्ञाभङ्गान्मम द्वेषी न मद्भक्तो न मे प्रियः॥’
mai,67090,script:GUJARATI,ઇન્ડિયન પોર્ન વીડિયો ववव क्सक्सक्स वीडियो full hd sexy picture indian big boob kannada xxx videos ब आ भत ज क स क स व ड य
mai,67091,script:GUJARATI,बीएफ सेक्सी हिंदी में बीएफ सेक्सी एक्स एक्स एक्स चूत चुदाई बीएफ सेक्सी डॉट कॉम वीडियो चाची की चुदाई की वीडियो ब आ भत ज क
mai,69335,script:TAMIL,"पुदुच्चेरी (तमिल्: புதுச்சேரி; पहिले पॉण्डिचेरी), भारतगनराज्जके एगो केन्द्रसासितप्रदेस हे ।"
mai,72793,script:BENGALI,वि दे ह विदेह Videha বিদেহ http://www.videha.co.in विदेह प्रथम मैथिली पाक्षिक ई पत्रिका Videha Ist Maithili Fortnightly 
mai,75688,script:MALAYALAM,सौतेली मां बेटे की चुदाई hd hot xxx sunny leone sexy picture एक सएक सएक स र टर न ऑफ ज डर क ज भ जप र हिंदी चुदाई वीडियो स
mai,75689,script:GUJARATI/TAMIL,एक सएक सएक स र टर न ऑफ ज डर क ज भ जप र xxx video latest ચૌદવા ના વિડીયો கணவன் மனைவி செக்ஸ் வீடியோ anushka sharma sexy ka
mai,75696,script:CJK,दुनिअ ओखर ऊपर日पोंगी सास्त तरिके जेवर एहि टाइम पर हुवैं।
mai,76252,script:GUJARATI,देवर भाभी का सेक्सी वीडियो देवर भाभी के साथ સેક્સ વિડિયો ગુજરાતી ब एफ स क स एक स एक स व ड य सेक्सी बीपी इंडियन baap beti
mai,81657,script:MODIFIER,मकै (अङ्ग्रेजी:Maize) (/ˈmeɪz/ MAYZ) ऐतिहासिक अमेरिकी महाद्वीपमे विभिन्न प्रकारक घास बालीक वर्णशंकर स्वरूपमे विकसित भेल 
mai,83645,script:BENGALI,Posted by রিরেকানন্দ ঝা (विवेकानंद झा) at 12:03 AM
mai,87510,script:GUJARATI,मारवाड़ी एक्स वीडियो क्सक्सक्स हिंदी बफ देवर भाभी का सेक्सी बीएफ हिंदी भाभी सेक्स वीडियो સેકસી વીડિયો ગુજરાતી સેકસી બીપી
mai,87511,script:GUJARATI,xxx saksi video johny sins xnxx xxx with mom and son ब्लू वीडियो मूवी sunny leone x hamester bhai bahen ki chudai सेक्सी
mai,90488,neardup,प्रत्येक गाछ जे नीक फल नहि दैत अछि से काटल आ आगि मे फेकल जायत।
mai,98171,script:GUJARATI,bade land se chudai video आलिया भट्ट का सेक्सी वीडियो bhabhi ke sath chudai ट र पल एक स स क स ऑ ट व ह ड ओ sapna chaudhar
mai,101878,script:CJK,卐*ॐ गं गणपतये नमः*卐🚩🙏🌸
mai,106623,script:INFORMATION,ℹ️ रियल सन टाइम के बारे में जानकारी
mai,106638,script:INFORMATION,ℹ️ रियल सन टाइम के बारे में जानकारी अंग्रेजी मे
mai,115359,script:GUJARATI,एक्स एक्स एक्स सेक्सी इंडियन ब्लू पिक्चर वीडियो ब्लू पिक्चर वीडियो एक्स व्हिडिओ सेक्सी एक सएक सएक स र ल ज द न क स व jaba
mai,116458,script:ARABIC,प्यालेस्टाइन (अरबी: فلسطين) दुनियाक एक राज्यक्षेत्र छी ।
mai,124447,script:MODIFIER,"नेपाल (/nəˈpɔːl/; Nepāl अङ्ग्रेजी: Federal Democratic Republic of Nepal), आधिकारिक नाम: सङ्घीय लोकतान्त्रिक गणतन्त्र नेप"
mai,124491,script:CYRILLIC,"भेत्लाना सभित्सकाया (रूसी: Светла́на Евге́ньевна Сави́цкая; जन्म अगस्ट ८, १९४८) एक अन्तरिक्ष यात्री छथि ।"
mai,124728,script:MODIFIER,– रे मरे बेर मे तʼ कियो लगमे रहओ नइँ ।
mai,124740,script:MODIFIER,– से लोक के बात छोइर दा ।अपने बात करʼ ना ।
mai,124744,script:MODIFIER,लोकसब पुलिसके खबर कʼ देलकइ ।
mai,124757,script:MODIFIER,लोकसुन देखलक त पुलिसके खबर कʼ देलकई ।
mai,124762,script:MODIFIER,– हमरा तʼ आधा सरकार मारलको आ आधा समाज ।
mai,124766,script:MODIFIER,ओइ पारसे जहिया अइली तʼ पुलिस पकरिके ले गेल आईसोलेसन वार्डमे ।ओइ जʼ नइँ खानाके बेबस्था नइँ पिनाके ।
mai,124768,script:MODIFIER,पहिलेसे जेसब ओइ जगन रहे से अपनामे सटे नइँ दे एक्को रत्ती ।कुकुर लेखा हइठ बरदम दुरिछया दुरिछया करे ।बलू हम ओन्नी से रोग ल
mai,124769,script:MODIFIER,"कतबो पुिलसबा सबके कहीयई जे रे भाइ अइ जʼ हम मरि जएबो ,हमरा घरे जाय दा मोनो बड़ बेकल हबे ,तीन बिरष हो गेल बाल बच्चा आ किनय"
mai,124770,script:MODIFIER,"लेकिन सोलहम दिनमे जा के कहलक पुलिसबा -आब जो अपन गाँव ,तोरा कोनो रोग नइँ हओ ।आधा तʼ मरि गेल रही ।तइयो अधे जान परान लेके घ"
mai,124774,script:MODIFIER,तʼ मारि लेली अपना के ।आ रेडियो फुकलकइ – आइसोलेसन से घर फिर्ता भेलाके बाद महामारीसे गेल एक गोड़ेके जान ।
mai,124775,script:MODIFIER,– पलिवार तʼ आरो कसाइ होई हइ हो भाई ।
mai,124776,script:MODIFIER,हमर घरबला दिन राति हमरा अगाड़ी पछाड़ी घुमैत रहे आʼ खाली रटान रटे – तोँ केतना सुन्नर छे ?
mai,124787,script:MODIFIER,"– से हे तʼ कखिन्तो कखिन्तो बिसरा जाइ हए ।जिनगी भरि इहे सब कइली न,तइसे ।"
mai,124788,script:MODIFIER,"– आʼ लाशे के बात करै छा तʼ जिनगी मे के तना के हमसब लाश उठएले होबई ।जुलुश जाकी नारा लगएने होबई – राम नाम सत्त हइ ,सबका यह"
mai,124794,script:MODIFIER,– तोहर गौंवासुन तʼ एतना ईंटा फेकले रहे अपनासुन पर से मोन हओ ?
mai,124798,script:MODIFIER,– बात तʼ ठीके हो भाई !
mai,124800,script:MODIFIER,आब तʼ टन्टे साफ हो गेलो ।
mai,124801,script:MODIFIER,– आʼ अपनासुन जे बितया रहल छी से कोन भाषा हइ ?
mai,124807,script:MODIFIER,– आ अपनासुन अइजʼ निम्मनसे छिहो ।
mai,124810,script:MODIFIER,जीवनसे निम्मन तʼ लाशे होइ हइ हऊ ।
mai,124811,script:MODIFIER,– एहनातिए जे जीवन रहितइ तʼ कत्ते सुन्नर संसार रहितइ !
mai,124823,script:MODIFIER,– तʼ छोड़ह सब बात आ चलह पिघले ।
mai,125632,script:BENGALI,वि दे ह विदेह Videha বিদেহ http://www.videha.co.in विदेह प्रथम मैथिली पाक्षिक ई पत्रिका Videha Ist Maithili Fortnightly 
mai,128481,script:GUJARATI,xxx video हिंदी sexy film movie chut mein land ghusa hua બીપી પિક્ચર વીડીયો स ड व ल आ ट क च द ई व ड य xxx japanese mom स
mai,131675,script:GREEK/MODIFIER,- अ॰ध॰व॰ लिप्यान्तरण: /'δɪs ɪz ə 'wɛbpeidʒ ʌv wɪkɪ'piːdiə .
mai,133909,neardup,"मैथिली पाक्षिक इण्टरनेट पत्रिका “विदेह” केर 218म अंक (15 जनबरी 2017) (वर्ष 10, मास 109, अंक 218) केर “पद्य” स्तम्भमे प्र"
mai,146785,script:MODIFIER,"जम्मू / ˈ dʒ ɑː m uː, भारतक उत्तरतम राज्य जम्मू आ कश्मीरमे तीनमे सँ एक प्रशासनिक खण्ड छी ।"
mai,148359,script:BENGALI,"बाङ्ला (বাংলা) वा बाङ्गला, या फिर बाहरी नाम बङ्गाली से जानल जायेवाला, एगो हिन्द-आर्यभाषा हे जे दक्खिन एसियाके बङ्गाल क्ष"
mai,149729,script:BENGALI,कलकता या कलकाता (बाङ्ला: কলকাতা) भारतके पच्छिमबङ्गाल राज्जके राजधानी हे आउ भारतके प्रमुख महानगरमे से एक हे ।
mai,149857,script:GUJARATI,चूत मारने की सेक्सी वीडियो द वर भ भ क च द ई स क स व ड य new hd porn videos चूत में लन्ड देवर और भाभी के सेक्सी वीडियो ब्
mai,149858,script:BENGALI,वि दे ह विदेह Videha বিদেহ http://www.videha.co.in विदेह प्रथमे मैथिली पाक्षिक ई पत्रिका Videha Ist Maithili Fortnightly
mai,153910,script:TAMIL,hindi xxx vdo xxx com tamil marathi bp picture செக்ஸ் மலையாள வீடியோ desi gaon ki ladki ki chudai xnxx brazzers video ब्ल
mai,160083,script:BENGALI,সুদর্শন কুমার – कईल पता चलल हन जे 1500 के आसपास संस्था य।
mai,160086,script:BENGALI,সুদর্শন কুমার – और ओइ नाम पर पेट पोसैऐ य
mai,160104,script:BENGALI,সুদর্শন কুমার – हम जयपुर में रहे छी।
mai,164268,script:BENGALI/GUJARATI,dehati ladki ki chut गांव की देहाती सेक्सी वीडियो ट र पल एक स ब एफ व ह ड ओ स क स एक्सएक्सएक्स दी रिटर्न आॅफ जेंडर केज my
mai,164269,script:GUJARATI,bhabhi ki malish sunny leone ka bf full hd सेक्स वीडियो बीएफ सेक्स वीडियो हिंदी बीएफ हिंदी xnxx teacher and student बीएफ
mai,166083,script:GUJARATI,tamil porn video सेक्स वीडियो आंटी બીએફ સેક્સ વીડિયો एक सएक सएक स स क स ह द हिंदी गाने के साथ सेक्सी वीडियो गाने वाली से
mai,166812,script:BENGALI,सत्यजीत राय (बङ्गाली: সত্যজিৎ রায় (सहायता जानकारी) शत्तोजित् राय्) (२ मई १९२१–२३ अप्रैल १९९२) एक भारतीय चलचित्र निर्देश
mai,166818,script:BENGALI,"हिनकर पहिल चलचित्र पथेर पाञ्चाली (পথের পাঁচালী, पथक गीत) कान चलचित्रोत्सवमे 'सर्वोत्तम मानवीय प्रलेख' पुरस्कार प्राप्त क"
mai,166913,script:BENGALI,तिरहुता (তিরহুতা) वा मिथिलाक्षर (মিথিলাক্ষর) मैथिली भाषाक लिपि छी ।
mai,167044,script:ARABIC,मलाला युसुफजई (पश्तो: ملاله یوسفزۍ जन्म: १२ जुलाई १९९७)क बच्चासभक अधिकारक कार्यकर्ताक रुपमे जानल जाएत अछि ।
mai,167078,script:GURMUKHI,"श्री हरिमन्दिर साहिब (पञ्जाबी भाषा: ਹਰਿਮੰਦਰ ਸਾਹਿਬ; हरिमन्दर साहिब, हरमन्दिर साहिब), जेकरा दरबार साहिब या स्वर्ण मन्दिर स"
mai,167750,script:BENGALI,अमर्त्य कुमार सेन (बङ्गाली : অমর্ত্য সেন; जन्म: ३ नवम्बर १९३३) एक भारतीय अर्थशास्त्री तथा दार्शनिक छी जे सन् १९७२ सँ संय
mai,167830,script:TAMIL,"रघुराम राजन (पूरा नाम: रघुराम गोविन्द राजन, तमिल: ரகுராம் கோவிந்த ராஜன் जन्म: 3 फरबरी 1963) भारतीय रिजर्व बैंकक २३अम गभर"
mai,168151,script:GUJARATI,सी बीएफ हिंदी xxx com hindi mein सेक्स करते दिखाए एक्स एक्स ई સેકસીવીડીયો ની એપ્લિકેશન एक्स एक्स एक्स एक्स चुदाई sexy bl
mai,169487,script:KHMER,"खमेर (ភាសាខ្មែរ), या कम्बोडियाली भाषा, खमेर जातिक भाषा छी।"
mai,177434,script:BENGALI,कोलकाता मेट्रो (बांग्ला: কলকাতা মেট্রো) पश्चिम बंगाल के राजधानी कोलकाता में एक भूमिगत रेल प्रणाली अछि।
mai,178222,script:GUJARATI,step sister and brother xxx ब्लू फिल्म नंगी चुदाई वाली એક્સ એક્સ સેક્સ ब्लू पिक्चर फोटो man aur bete ki bf चुदाई वीडियो 
mai,178223,script:GUJARATI,सनी लियोन हिंदी सेक्सी वीडियो ट र पल एक स व ह ड ओ ब प स क स मोटी औरत का बीएफ ફુલ સેકસી વીડીયો एक्स एक्स एक्स वीडियो डॉट 
mai,196214,script:BENGALI,indian big cock एक्स एक्स एक्स व्हिडीओ সেক্সি ভিডিও বিএফ क ल ज गर ल एक स एक स व ह ड ओ देसी हिंदी बफ हिंदी सेक्सी ब्लू वी
mai,196215,script:BENGALI,सेक्सी बीएफ दीजिए मारवाड़ी बीपी सेक्स gujarati desi bp क ल ज गर ल एक स एक स व ह ड ओ savita bhabhi hindi xxx hd sexy vide
mai,196280,neardup,एकोद्दिष्ट आदि पितृकर्म कोन तिथिक कोन दिन होएत आ कखनि आरम्भ करबाक चाही तकर विचार करबामे कुतुप आ रोहिण नामक दू मुहूर्तक व
mai,201304,script:MODIFIER,जिमी वेल्स / ˈ dʒ ɪ m i ˈ d oʊ n əl ˈ w eɪ l z / ; जन्म ७ अगस्त १९६६) एक अमेरिकी इन्टरनेट प्रबन्धक तथा एक स्वतन्त्र विश्
mai,207355,script:ORIYA,ओड़िसा (ओड़िशा; ओड़िआ: ଓଡ଼ିଶା) भारतके पूरबी तटपर स्थित एगो राज्ज हे ।
mai,212588,script:TIBETAN,"सोलुखुम्बु जिला (नेपाली: सोलुखुम्बु जिल्ला listen , शेर्पा: ཤར་ཁུམ་བུ་རྫོང་ཁ། Wylie: shar khum bu dzong kha), नेपालक पूर"
mai,212589,script:TIBETAN,"विश्व सम्पदा सूचीमे सुचिकृत नेपालक पहिचान (शेर्पा भाषा: ཇོ་མོ་གླང་མ།, Wylie: jo mo glang ma ) सगरमाथा हिमाल एही जिलामे प"
mai,219671,neardup,– पंडित रुद्रधर झा (अनुवादः प्रवीण नारायण चौधरी)
mai,223509,script:MODIFIER,"मध्य प्रदेश एमपी / ˈ m ɑː d j ə p r ə ˈ d ɛ ʃ, अर्थ केन्द्रीय प्रान्त भारतक केन्द्रमे रहल एक राज्य छी।"
mai,227947,script:TIBETAN,"बौद्धनाथ Tibetan: བྱ་རུང་ཁ་ཤོར། Wylie: bya-rung-kha-shor काठमाडौं, शहरक पूर्वी भागमे अवस्थित एक प्रसिद्ध बौद्ध स्तूप तथा"
mai,228730,neardup,- इ भाग मे राष्ट्रीय माध्यमिक शिक्षा अभियान कें जानकारी कें ओकरा लेल निर्धारित लक्ष्यक आ उद्देयक कें संग प्रस्तुत कैल गे
mai,233045,script:MODIFIER,एतए अंतिम पंक्तिक अन्वय होएत- “अस्याः सदृशं अपत्यं त्वं प्राप्स्यसि।” एतए ‘अस्याःʼ शब्दमे षष्ठी विभक्ति मानव उचित होएत।
mai,233957,script:BENGALI,"- ঠ ক র शर म ल ट ग र जन म शर म ल ट ग र - - द सम बर उमर क नप र उत तर प रद श, भ रत अन य न मसभ आय श स लत न व यवस य म डल, अभ"
mai,237137,script:GUJARATI,સની લીયોની એક્સ વિડીયો सव त भ भ ट र पल एक स સની લિયોન સેકસી मारवाड़ी एक्स एक्स एक्स एक्स वीडियो हिंदी बीएफ एक्स एक्स एक्
mai,241020,script:GUJARATI,japani xx video एक स एक स एक स व ह ड ओ क म हिंदी बीएफ हिंदी में बीएफ સેક્સ વીડીયો સેકસી एक्स एक्स वीडियो बीपी xnx mom an
mai,247790,neardup,विधानसभा चुनाव करेबाक लेल बिहार आयल अर्द्धसैनिक बल आ दोसर राज्य सं आयल पुलिस कें अखन धरी आधा दर्जन अधिकारि आ जवान कें मृ
mai,254010,script:GURMUKHI,"श्री हरिमन्दिर साहिब (पञ्जाबी भाषा: ਹਰਿਮੰਦਰ ਸਾਹਿਬ; हरिमन्दर साहिब, हरमन्दिर साहिब), जकरा दरबार साहिब या स्वर्ण मन्दिर से"
mai,259052,script:BENGALI,"राज कुमार मिश्र – (मिथिलाक्षर मे जय मिथिला जय मैथिली) – জয় মিথিলা,জয মৈথিলী!"
mai,265665,script:TELUGU,step mom porn video एक्स एक्स ओपन सेक्सी वीडियो एक स एक स एक स व ह ड ओ ट र पल एक स राजस्थानी भाभी सेक्सी वीडियो बीएफ सेक
mai,272281,script:GUJARATI,nangi sexy nangi हिंदी बीएफ चुदाई वाली બીપી વિડીયો મોકલો दोस्त की बहन के साथ सेक्स वीडियो બગીચા ના ફોટા ડાઉનલોડ sex vide
mai,272282,script:GUJARATI,एक्स एक्स एक्स सेक्सी वीडियो जबर्दस्त lucky patcher ડાઉનલોડ કરવા માટે श्रद्धा कपूर एक्स एक्स एक्स hot x porn स ड व ल भ भ
mai,280445,neardup,"दरभंगा ग्रामीण,आरजेडी-ललित कुमार यादवः हिनका पर कोनो तरहक न्यायाकि मामला नहि दर्ज छन्हि।"
mai,280446,neardup,"हायाघाट,बीजेपी-अमरनाथ गामीः हिनका पर कोनो तरहक आपराधिक मुकदमा दर्ज नहि छन्हि।"
mai,280447,neardup,"जाले,जेडीयू-ऋषि मिश्रः हिनका पर कोनो तरहक आपराधिक मुकदमा दर्ज नहि छन्हि।"
mai,280448,neardup,"केवटी,बीजेपी-अशोक यादवः हिनका पर कोनो तरहक आपराधिक मुकदमा दर्ज नहि छन्हि।"
mai,282285,script:ARABIC,"उर्दू भाषा (उर्दु: اُردُو) नेपाल , भारत ,बाङ्लादेश आ पाकिस्तान मे बोलल जाय वाला भाषा अछि ।"
mai,282331,script:BENGALI/MODIFIER,"बङ्गाली भाषा (/bɛŋˈɡɔːli/), अथवा बङ्गला भाषा (/ˈbɑːŋlɑː/; বাংলা [ˈbaŋla]) (बङ्गला लिपिमे : বাংলা ভাষা / बाङ्ला), बांग्ला"
mai,282336,script:MODIFIER,मैथिली (/ˈmaɪtᵻli/; Maithilī) भारोपेली भाषा छी जे मुख्य रूपमे भारतक उत्तरी बिहार आ नेपालक पूर्वी मधेस क्षेत्रसभमे बाजल ज
mai,304526,script:ARABIC/SHARADA,जम्मू आउ कश्मीर (कश्मीरी : 𑆘𑇀𑆮𑆩𑇀 𑆠 𑆑𑆯𑆵𑆫𑇀 (शारदा)/जॊम तॖ कऺशीर(देवनागरी)/جۆم تہٕ کٔشیٖر (अरबी); डोगरी : जम्मू ते कश्मीर) 
mai,308356,script:GREEK,पाइप कें आयतन कें गणना सूत्र कें अनुसार कैल जायत छै V=π*R1*R1*L
mai,308357,script:GREEK,पाइप कें सतह क्षेत्रफल कें गणना सूत्र कें उपयोग सं कैल जायत छै P=2*π*R2*L
mai,308386,script:BENGALI,नई दिल्ली 01/03/08 গজেন্দ্র ঠাকুব
mai,310998,script:BENGALI,वि दे ह विदेह Videha বিদেহ http://www.videha.co.in विदेह प्रथम मैथिली पाक्षिक ई पत्रिका Videha Ist Maithili Fortnightly 
mai,314246,neardup,रचनापर अपन मंतव्य firstname.lastname@example.org पर पठाउ।
mai,322715,script:BENGALI,- भ ग रथ बङ ग ल भ ष - ভ গ রথ भ रतक एक नद छ ई उत तर खण डस प रव ह त ह इत अछ आ द वप रय गम अलकनन द स म ल गङ ग नद क न र म ण क
mai,327848,script:MODIFIER,जावत लग जाइ तावत ओ निपत्ता भʼ गेल।Continue Reading
mai,333713,script:GUJARATI,ભારત સેકસી વીડિયો hindi ka sex video family threesome gali diva sexy bp shot desi new mms એક્સ એન એક્સ સેકસી વીડિયો xxx 
mai,334622,script:GUJARATI/TAMIL,બીપી સેકસી વીડિયા देवर भौजाई की चुदाई वीडियो બીપી વીડીયા સેકસી tamil aunty xxx ગુજરાતી સેક્સ વાર્તા desi porn com chut w
mai,335965,neardup,गाछसँ सुखल जारन नै तोड़ि काँचे झाड़ी काटि कऽ नेने आएल।
mai,335966,neardup,कहुना-कहुना कऽ तेसर पाक-शास्त्री वएह कँचका जारन पजारि बटलोही चढ़ौलक।
mai,339382,script:TELUGU,"हैदराबाद् (तेलुगु: హైదరాబాదు, हैदराबादु) भारतके तेलङ्गानाराज्जके राजधानी हे ।"
mai,355480,script:ARABIC,"फतेहपुर सिकरी (उर्दू: فتحپور سیکری) एक सहर छी, जे आगरा जिलाक एक नगरपालिका छी ।"
mai,361316,script:GREEK,असंतृप्त वसा अम्ल फेर सँ दू तरहक होइछ – “ओमेगा - 6 वसा अम्ल” (Omega /Ω/ω -6 fatty acids) आओर “ओमेगा - 3 वसा अम्ल” (Omega
mai,361318,script:GREEK,लाइनोलेइक / लिनोलेइक अम्ल (Linoleic acid) आ अल्फा लाइनोलेनिक / लिनोलेनिक अम्ल (α-Linolenic acid) क्रमशः ओमेगा - 6 आ ओमेग
mai,361333,script:GREEK,"“ओमेगा – 6 असंतृप्त वसा” (Omega /Ω/ω - 6 fatty acids) आवश्यक वसा समूह थिक, जकरा कमी सँ विचर्चिका (Eczema), त्वक् रुक्षता"
mai,361335,script:GREEK,ई दुहु थिक “बहु असंतृप्त वसा” (Poly unsaturated fatty acids / PUFA) अर्थात् “आवश्यक वसा” (Essential fats / EFA) आ बेसी य
mai,366718,script:GUJARATI,bhabhi ki chudai hd video बीएफ चाहिए हिंदी में बीएफ ભોળાનાથ ના ફોટા biwi ki adla badli एक ऑडियो गेम खेलो इंडियन सुहागरात
mai,376467,script:GUJARATI/TAMIL,gaon ki ladkiyon ki blue film માતાજીના ફોટા ડાઉનલોડ કરો chachi ne apne a bhatije se gand chudai bf video एक स एक स एक स 
mai,376913,script:GUJARATI/TELUGU,హిందీ సెక్స్ వీడియో sunny leone porne hindi mein bf hd mein बेटी की चूत pati ke boss ne choda चूत की चुदाई की फिल्म सेक्
mai,377605,neardup,बॉलीवुड एक्टर सुशांत सिंह राजपूत सुसाइड केसके जांच करबाक लेल मुंबई पहुंचल पटनाक एसपी सिटी विनय तिवारी कें क्वारंटाइन कें
mai,379109,script:GUJARATI,बीएफ फिल्म बीएफ बीएफ बीएफ हिंदी नंगी बीएफ एक्स एक्स एक्स बीपी इंडियन सेक्स वीडियो चुदाई सेक्स वीडियो सेक्सी वीडियो चुदाई
mai,379110,script:GUJARATI,jane anjane mein part 4 बीएफ बीएफ एचडी देसी आंटी सेक्स सेक्सी पिक्चर वीडियो में नंगी brother sister xvideo વેરી વેરી સેક
mai,380507,neardup,तं ओ बुजुर्ग ओकरा बुझेलक जे जाऊ आ तीन मूरी बला आदमी सं पुछू।
mai,380518,neardup,चारिमक मतलब दू रुपैयाक छाता लऽ छाहमे चलब”।
mai,391154,script:GUJARATI,सनी लियोन के सेक्सी व्हिडीओ एक्स एक्स एक्स एचडी वीडियो बीएफ सुहागरात वाला वीडियो maa ki chudai video man ki chudai maa b
mai,392675,script:BENGALI,वि दे ह विदेह Videha বিদেহ http://www.videha.co.in विदेह प्रथम मैथिली पाक्षिक ई पत्रिका Videha Ist Maithili Fortnightly 
mai,399504,script:TELUGU,బ్లూ ఫిలిం వీడియో bhabi ki chut सेक्सी वीडियो बीपी मराठी xxx outdoor video घोड़े और लड़की की सेक्सी वीडियो एक्स एक्स एचड
mai,399717,script:ARABIC/TAMIL,"सुरेश रैना (कश्मीरी: سریش رائنا, तमिल: சுரேஷ் ரைனா ஹாசன்) (उच्चारण (सहायताजानकारी); जन्म २७ नवम्बर १९८६) एकटा भारतीय क्र"
mai,403191,script:GUJARATI,sexy video hindi xxx बीएफ सेक्सी वीडियो हिंदी સ્કૂલ સેક્સ વીડિયો porn new indian बीपी सेक्सी वीडियो ब्लू चूत चूत चूत चूत
mai,403192,script:GUJARATI,punjabi bf sexy desi ladki ki chudai मां और बेटे की बीएफ म ब ट क च द ई क स क स व ड य एक्स एक्स सेक्सी वीडियो एचडी लड़का 
mai,403203,script:ARABIC/SHARADA,श्रीनगर (कश्मीरी: 𑆯𑇀𑆫𑆵𑆤𑆓𑆫/سِریٖنَگَر) भारतके जम्मू आउ कश्मीर राज्जके सबसे बड़का नगर आउ ग्रीष्मकालीन राजधानी हे ।
mai,407625,script:BENGALI,वि दे ह विदेह Videha বিদেহ http://www.videha.co.in विदेह प्रथम मैथिली पाक्षिक ई पत्रिका Videha Ist Maithili Fortnightly 
mai,409770,script:GURMUKHI,सिख धर्म (सिखमत आ सिखी सेहो कहल जाइत अछि; पञ्जाबी: ਸਿੱਖੀ) एक एकेश्वरवादी धर्म छी ।
mai,410345,neardup,Lyrics of Maithili song – गौरी महादेव (मैथिली गीत)
mai,410346,neardup,Maithili song – गौरी दाई के अगुवा भेल मुदैया |
mai,410347,neardup,Maithili song – गौरी दाई के अगुवा भेल मुदैया Youtube Video
mai,416746,script:CJK,🚩卐 ॐ गं गणपतये नमः 卐
mai,419570,neardup,"हम - से कोना, खट्टर कका !"
mai,420018,script:GUJARATI,chachi bhatije ki sexy bf बीएफ हिंदी एचडी સાસણ ગીર નુ જંગલ सनी लियोन फक्किंग ट र पल एक स व ह ड ओ द ख इए india blue film 
mai,420019,script:GUJARATI,ट र पल एक स व ह ड ओ द ख इए बहू की चूत सुहागरात का वीडियो sexy chudai wali video चोदी चोदा वाला सेक्सी वीडियो ડ્રેસ ની ડિ
mai,448570,script:GUJARATI,sexy movie english sexy movie pathshala 2 full web series ब्लू फिल्म सेक्सी ओपन सेक्सी नंगी चुदाई वीडियो देसी चाची सेक्स
mai,451770,script:MODIFIER,देवनागरी (/ˌdeɪvəˈnɑːɡəriː/ day-və-nah-gər-ee; हिन्दुस्तानी: [d̪eːʋˈnaːɡri]; देवनागरी भारत आ नेपालक विभिन्न भाषासभके लिख
mai,451772,script:MODIFIER,नयाँ दिल्ली (/ˌnjuː ˈdɛli/) दिल्लीक एक जिल्ला आ भारतक राजधानी छी ।
mai,451778,script:ARABIC/GURMUKHI,"मक्की दी रोटी (पञ्जाबी: ਮੱਕੀ ਦੀ ਰੋਟੀ (गुरुमुखी), مکی دی روٹی (शाहमुखी), Makki di roti (अङ्ग्रेजी भाषा)) एक प्रकारक रोटी "
mai,451783,script:ARABIC/MODIFIER,रोगन जोश (उर्दू: روگن جوش) (उच्चारण पर्सियन भाषामे /rouɣændʒuːʃ/) एक मसालादार पकवान छी जकर उद्गम पर्सियाक लोकसभद्वारा भे
mai,451785,script:MODIFIER,"स्टेफनी जोआने एन्जेलिना जर्मनोट्टा (/ˈstɛfəniː dʒʌrməˈnɑːtə/; जन्म २८ मार्च १९८६) एक अमेरिकी गायिका, अभिनेत्री, उद्यमी, "
mai,458736,script:BENGALI,वि दे ह विदेह Videha বিদেহ http://www.videha.co.in विदेह प्रथम मैथिली पाक्षिक ई पत्रिका Videha Ist Maithili Fortnightly 
mai,461211,script:GURMUKHI/MODIFIER,"अमृतसर ( उच्चारण ; पञ्जाबी: ਅੰਮ੍ਰਿਤਸਰ; पञ्जाबी उच्चारण: [əmːɾɪt̪səɾ]), एतिहासिक रुप सँ रामदासपुर आ अम्बरसर क रुपमे जानल "
mai,461217,script:HANGUL,किम जोङ उन (कोरियाई उच्चारण :김정은 [kimdzʌŋɯn]; जन्म ८ जनवरी १९८३) उत्तर कोरियाक सर्वोच्च नेता छी ।
mai,461221,script:GURMUKHI,गुरु राम दास ([ɡʊru ɾɑm dɑs]; पञ्जाबी: ਸ੍ਰੀ ਗੁਰੂ ਰਾਮ ਦਾਸ ਜੀ) (१५३४-१५८१) सिखसभक गुरु छल आ हुनका गुरुक उपाधि ३० अगस्त १५७
mai,461226,script:ARABIC/GURMUKHI/MODIFIER,"पञ्जाबी भाषा /pʌnˈdʒɑːbi/ (शाहमुखी: پنجابی paṉjābī; गुरमुखी: ਪੰਜਾਬੀ pañjābī; देवनागरी: पंजाबी) नेपाल, भारत आ अन्य देशमे "
mai,461393,neardup,"3 “निर्जन क्षेत्र मे केओ जोर सँ आवाज दऽ रहल अछि जे,"
mai,461810,script:GUJARATI,લોડો લેવો છે xxx bf videos बीएफ वीडियो सेक्सी एचडी mosi wali bf chhoti bacchi ki chudai marwadi desi dehati village sex 
mai,461811,script:BENGALI/GUJARATI,sexy movie hindi full hd बांग्ला सेक्स वीडियो बांग्ला सेक्स बीएफ बीएफ पिक्चर bhai bahan ke sex video xxx full sexy video
mai,473470,script:BENGALI,"बाङ्गला (বাংলা, बाङ्ला), या फिर बाहरी नाम बङ्गाली से जानल जायेवाला, एगो हिन्द-आर्यभासा हे जे दक्खिन एसियाके बङ्गाल क्षेत"
mai,475033,script:ORIYA,ओड़िआ (ଓଡ଼ିଆ) अथवा उड़िआ भारतीय राज्ज ओड़िसामे बोलल जाएवाला एगो सास्त्रीय हिन्द-आर्यभाषा हे ।
mai,476474,neardup,रुद्रधर झा (अनुवादः प्रवीण नारायण चौधरी)
mai,476537,neardup,रुद्रधर झा (अनुवादः प्रवीण नारायण चौधरी)
mai,476844,script:ARABIC,एक्कर प्रणेता हजरत मुहम्मद (अरबी: محمد صلی اللہ علیہو آلہ و سلم) रहथि।
mai,476846,script:ARABIC,"ईश्वरके अरबी भाषा आ इस्लाम में ""अल्लाह"" (अरबी : اللہ) कहल जाईछ।"
mai,480785,script:HALFWIDTH,इसकी शुﾋआत नई दिल्ली नगरपालिका परिषद क्षेत्र से की जा रही है।
mai,480789,script:HALFWIDTH,इस प्रकार शहर में बढ़ रही इलेक्ट्रानिक कचरे की समस्या का सही समाधान किया जा सकेगा।ई-बिन लगएबाक शुﾋआत नई दिल्ली इलाका सं 
mai,485082,script:MODIFIER,विराटनगरस्थित नेपाल ग्रामीण विकास समाजकेन्द्र (एनआरडिएससी) निːशुल्क ज्येष्ठ नागरीक हेल्थ क्लिनिक संचालन कएने अछि ।
mai,485087,script:MODIFIER,आँखि जाँच कराब आएल ज्येष्ठ नागरीकसबके चश्मा आ औषधि सेहो निːशुल्क उपलब्ध कराएलगेल ओ बतौनेछथि ।
mai,487602,script:BENGALI,नई दिल्ली u]hন্দ্র 7fকু/
mai,494382,script:TAMIL,பிஎஃப் செக்ஸ் வீடியோ मां बेटे की हिंदी में चुदाई english sexy video ful hd मोटे लंड से चुदाई वीडियो वीडियो सेक्स बीपी बह
mai,497879,script:MATHEMATICAL,४ अगस्त २०२० क॑ लेबनान केरऽ बेरूत बंदरगाह म॑ अनिश्चित रूप स॑ संग्रहीत लगभग २७५० मीट्रिक टन अमोनियम नाइट्रेट केरऽ कैश न॑ 
mai,507554,script:HALFWIDTH,"रिक्सावला कि – अधबेसु, कृशकाय, हँपैﾥत़।रेस्टोरेंट पहुंचि भाड़ा पुछलियै।"
mai,507564,script:HALFWIDTH,तुलना करऽ लगलंहु – रेस्टोरेंटक वेटर आ रिक्सावला मे – एकटा वातनुवूﾥलित कक्ष मे भोजन परसैत आ दोसर रौद मे कोंढ तोरैत।
mai,524724,neardup,जै आदमीक मुँहसँ बोल नै निकलै ओकरा आन कोनो चीज देब उचित नै।
mai,524725,neardup,ज्ञानसँ मनुष्य अपन सभ इच्छा-आकांक्षा पूर्ति कऽ सकैत अछि आ दोसरोकेँ मदति कऽ सकैत अछि।”
mai,526924,script:BENGALI,गांड मारी वीडियो सपना चौधरी के सेक्सी वीडियो সানি লিওন বফঁ चूत लंड का वीडियो सेक्स वीडियो चूत में लंड ब एफ स क स द ख ओ ब
mai,531585,script:ARABIC/MODIFIER,"अबू धाबी (अरबी: أبو ظبي ʼAbū Ẓabī, literally Father of gazelle), संयुक्त अरब इमारात (UAE) क राजधानी छी।"
mai,531873,script:CJK,"वाङ जियानलिन चिनियाँ: 王健林 ; पिनयिन: Wáng Jiànlín ; जन्म अक्टोबर २४, १९५४ एक चिनियाँ व्यवसायी आ समाजसेवी छी ।"
mai,539273,script:GURMUKHI,(गुरू अर्जन देव जी -- SGGS 537) ੴ सति नामु करता पुरखु निरभउ निरवैरु अकाल मूरति अजूनी सैभं गुरप्रसादि ॥
mai,539289,script:GURMUKHI,(गुरू तेग बहादुर जी -- SGGS 537) ੴ सतिगुर प्रसादि ॥
mai,539300,script:GURMUKHI,ੴ सतिगुर प्रसादि ॥
mai,539404,script:GURMUKHI,ੴ सतिगुर प्रसादि ॥
mai,539480,script:GURMUKHI,ੴ सति नामु गुरप्रसादि ॥
mai,539637,script:GURMUKHI,ੴ सतिगुर प्रसादि ॥
mai,543779,script:GREEK,"टर्बाइन (ल्याटिन टर्बोबाट, ग्रीक τύρβη, tyrbē, meaning ""turbulence"") एक रोटरी यान्त्रिक उपकरण छी जे ऊर्जाके तरल प्रवाहसँ"
mai,548457,script:CYRILLIC,"gorkhapatra sansthan gorkhapatra sansthan - национальный дом сми непала, принадлежащий и управляемый правительством непа"
mai,550444,script:GURMUKHI,"ढोलक (पञ्जाबी: ਢੋਲਕ, देवनागरी: ढोलक, सुरिनेम आ हल्याण्ड dhool) एक दक्षिण एसियाली हातेबाजा ढोलक छी ।"
mai,550452,script:GUJARATI,moti bhabhi ki chut www xv horezeedipaif com chodne wali picture बफ वीडियो सेक्सी चलने वाली बीएफ म स क च द ई द ख ओ सनी ल
mai,554498,script:MODIFIER,"(राष्ट्रसंघक साधारण सभा 10 दिसम्बर, 1948 केँ एक सार्वभौम मानवाधिकार घोषणा स्वीकृत आʼ उद्घोषित कएलक जकर पूर्णपाठ आगाँ देल"
mai,554499,script:MODIFIER,"एहि ऐतिहासिक घोषणाक उपरान्त साधारण सभा समस्त सदस्य देशसँ अनुरोध कएलक जे ओ एहि घोषणाक प्रचार करए तथा मुख्यतः, अपन देश आʼ "
mai,554500,script:MODIFIER,"जेँ कि मानव परिवारक सकल सदस्यक जन्मजात गरिमा आओर समान एवं अविच्छेद्य अधिकारकेँ स्वीकृति देब स्वतन्त्रता, न्याय आʼ विश्वश"
mai,554501,script:MODIFIER,जेँ कि मानवाधिकारक अवहेलना आʼ अवमाननाक परिणाम होइछ एहन नृशंस आचरण जाहिसँ मानवक अन्तःकरण मर्माहत होइत अछि आओर अवरुद्ध होइ
mai,554502,script:MODIFIER,जेँ कि विधिसम्मत शासन द्वारा मानवाधिकारक रक्षा एहि हेतु परमावश्यक अछि जे केओ व्यक्ति अत्याचार आʼ दमनसँ बँचबाक कोनो आन उप
mai,554503,script:MODIFIER,"जेँ कि राष्ट्रसंघक लोक अपन चार्टर मध्य मौलिक मानवाधिकारमे, मानवक गरिमा आʼ मूल्यमे तथा स्त्री आʼ पुरुषक बीच समान अधिकारमे"
mai,554504,script:MODIFIER,जेँ कि सदस्य राष्ट्रसभ राष्ट्रसंघक सहयोगसँ मानवाधिकार आʼ मौलिक स्वतन्त्रताक सार्वभौम आदर तथा अनुपालन करबाक हेतु प्रतिबद्
mai,554505,script:MODIFIER,"निम्नलिखित सार्वभौम मानवाधिकार घोषणाकेँ सभ जनता आʼ सभ राष्ट्रक हेतु उपलब्धिक सामान्य मानदण्डक रूपमे, एहि उद्देश्यसँ उद्घ"
mai,554506,script:MODIFIER,सभ मानव जन्मतः स्वतन्त्र अछि तथा गरिमा आʼ अधिकारमे समान अछि।
mai,554507,script:MODIFIER,सभकेँ अपन–अपन बुद्धि आʼ विवेक छैक आओर सभकेँ एक दोसराक प्रति सौहार्दपूर्ण व्यवहार करबाक चाही।
mai,554508,script:MODIFIER,"प्रत्येक व्यक्ति एहि घोषणामे निहित सभ अधिकार आʼ स्वतन्त्रताक हकदार थिक आओर एहिमे नस्ल, लिंग, भाषा, धर्म, राजनैतिक वा अन्"
mai,554509,script:MODIFIER,"सभकेँ जीवन–धारण, स्वातन्य आʼ व्यक्तिगत सुरक्षाक अधिकार छैक।"
mai,554510,script:MODIFIER,केओ व्यक्ति दासता वा बेगारीमे नहि रहत आओर सभ प्रकारक दासप्रथा आʼ दासक खरीद–बिकरी वर्जित होएत।
mai,554511,script:MODIFIER,"ककरहु क्रूर, अमानुषिक वा अपमानजनक दण्ड नहि देल जाएत आʼ ककरोसँ एहन व्यवहार नहि कएल जाएत।"
mai,554512,script:MODIFIER,सभ केओ कानूनक समक्ष समान अछि आʼ बिना कोनो भेदभावक कानूनक संरक्षणक हकदार अछि।
mai,554513,script:MODIFIER,सभ व्यक्तिकेँ अपन अधिकार आʼ दायित्वक अवधारणार्थ तथा अपना पर लगाओल गेल कोनो आपराधिक आरोपक अवधारणार्थ कोनो स्वतन्त्र आʼ नि
mai,554514,script:MODIFIER,"केओ व्यक्ति कोनो आन व्यक्तिक एकान्तता, परिवार, निवास वा संलाप (पत्राचारादि) मे स्वेच्छया हस्तक्षेप नहि करत आʼ ने ओकर प्र"
mai,554515,script:MODIFIER,प्रत्येक व्यक्तिकेँ अपन राष्ट्रक सीमाक भीतर भ्रमण आʼ निवास करबाक स्वतन्त्रता छैक।
mai,554516,script:MODIFIER,प्रत्येक व्यक्तिकेँ अपन देश वा आनो कोनो देश त्यागबाक आʼ अपना देश घूरि अएबाक अधिकार छैक।
mai,554517,script:MODIFIER,एहि अधिकारक उपयोग ओहि स्थितिमे नहि कएल जाए सकत जखन ओ उत्पीड़न वस्तुतः अराजनैतिक अपराधक कारणेँ भेल हो अथवा राष्ट्रसंधक उद
mai,554518,script:MODIFIER,"सभ वयस्क स्त्री आʼ पुरुषकेँ नस्ल, राष्ट्रीयता वा सम्प्रदायमूलक केानो प्रतिबन्धक बिना, विवाह करबाक आʼ परिवार बनएबाक अधिका"
mai,554519,script:MODIFIER,"विवाह, तखनहि होएत जखन इच्छुक पति आʼ पत्नीक स्वच्छन्न आ पूर्ण सहमति हो।"
mai,554520,script:MODIFIER,परिवार समाजक एक सहज आʼ मौलिक एकक थिक आओर एकरा समाजक आʼ राज्यक संरक्षण पएबाक अधिकार छैक।
mai,554521,script:MODIFIER,प्रत्येक व्यक्तिकेँ एकसरे आʼ दोसराक संग मिलि सम्पत्ति रखबाक अधिकार छैक।
mai,554522,script:MODIFIER,"प्रत्येक व्यक्तिकेँ अभिमत एवं अभिव्यक्तिक स्वतन्त्रताक अधिकार छैक, जाहिमे समाविष्ट अछि बिना हस्तक्षेपक अभिमत धारण करब, ज"
mai,554523,script:MODIFIER,ई इच्छा आवधिक आʼ निर्बाध निर्वाचनमे व्यक्त कएल जाएत आओर ई निर्वाचन सार्वभौम एवं समान मताधिकार द्वारा गुप्त मतदानसँ होएत 
mai,554524,script:MODIFIER,प्रत्येक व्यक्तिकेँ समाजक एक सदस्यक रूपमे सामाजिक सुरक्षाक अधिकार छैक आओर प्रत्येक व्यक्तिकेँ अपन गरिमा आʼ व्यक्तित्वक न
mai,554525,script:MODIFIER,"प्रत्येक व्यक्तिकेँ काज करबाक, निर्बाध इच्छाक अनुरूप नियोजन चुनबाक, कार्यक उचित आʼ अनुकूल स्थिति प्राप्त करबाक आʼ बेकारी"
mai,554526,script:MODIFIER,काजमे लगाओल गेल प्रत्येक व्यक्तिकेँ उचित आʼ अनुरूप पारिश्रमिक ततबा पएबाक अधिकार छैक जतबासँ ओ अपन आʼ अपन परिवारक मानवोचित
mai,554527,script:MODIFIER,प्रत्येक व्यक्तिकेँ अपन हितक रक्षाक हेतु मजदूरसंघ बनएबाक आʼ ओहिमे भाग लेबाक अधिकार छैक।
mai,554528,script:MODIFIER,प्रत्येक व्यक्तिकेँ विश्राम आʼ अवकाशक अधिकार छैक जकर अन्तर्गत अछि कार्य–कालक उचित सीमा आ समय–समय पर वेतन सहित छुी।
mai,554529,script:MODIFIER,प्रत्येक व्यक्तिकेँ एहन जीवन–स्तर प्राप्त करबाक अधिकार छैक जे ओकर अपन आʼ अपना परिवारक स्वास्थ्य एवं कल्याण हेतु पर्याप्त
mai,554530,script:MODIFIER,परसौती आʼ चिल्हकाकेँ विशेष परिचर्या आ सहायताक अधिकार छैक।
mai,554531,script:MODIFIER,शिक्षा कमसँ कम आरम्भिक आʼ मौलिक अवस्थामे निःशुल्क होएत।
mai,554533,script:MODIFIER,शिक्षाक लक्ष्य होएत मानव व्यक्तित्वक पूर्ण विकास आओर मानवाधिकार आʼ मौलिक स्वतन्त्रताक प्रति आदरभाव बढ़ाएब।
mai,554534,script:MODIFIER,"शिक्षा राष्ट्रसभक बीच तथा जातीय वा धार्मिक समुदायसभक बीच पारस्परिक सद्भावना, सहिष्णुता आʼ मैत्री बढ़ाओत तथा शान्तिक हेतु"
mai,554535,script:MODIFIER,"प्रत्येक व्यक्तिकेँ समाजक सांस्कृतिक जीवनमे अबाध रूपेँ भाग लेबाक, कलाक आनन्द लेबाक तथा वैज्ञानिक विकासमे आʼ तकर लाभमे अं"
mai,554536,script:MODIFIER,प्रत्येक व्यक्तिकेँ एहन सामाजिक आ अन्तरराष्ट्रीय आस्पद प्राप्त करबाक अधिकार छैक जाहिसँ एहि घोषणामे उल्लिखित अधिकार आʼ स्
mai,554537,script:MODIFIER,प्रत्येक व्यक्ति ओहि समुदायक प्रति कत्र्तव्यबद्ध अछि जाहिमे रहिए कए ओ अपन व्यक्तित्वक अबाध आʼ पूर्ण विकास कए सकैत अछि।
mai,554538,script:MODIFIER,प्रत्येक व्यक्ति अपन अधिकार आʼ स्वतन्त्रताक उपयोग ओहि सीमाक अभ्यन्तरे करत जकर अवधारण दोसराक अधिकार आʼ स्वतन्त्रताक आदर आ
mai,554539,script:MODIFIER,एहि स्वतन्त्रता आʼ अधिकारक प्रयोग कोनहु दशामे राष्ट्रसंधक सिद्धान्त आʼ उद्देश्यक प्रतिकूल नहि कएल जाएत।
mai,556650,script:ARABIC,पर्शियन सूफ़ी तत्व और परंपरा मे समा या समाख्वानी (سماخوانی) केर रिवाज एक आम बात छी।
mai,569711,script:BENGALI,वि दे ह विदेह Videha বিদেহ http://www।videha।co।in विदेह प्रथम मैथिली पाक्षिक ई पत्रिका Videha Ist Maithili Fortnightly 
mai,570935,script:CJK,"सिद्धम कांजी: 悉曇, आधुनिक जापानी उच्चारण: शित्तन लिपि बौद्ध धर्मक लेल काफी महत्वपूर्ण छल कियाकी बहुतो सूत्र एहीमे लिखल गे"
mai,572849,script:HALFWIDTH,' परौलवाली के बुझा गेल छलै जे गणेशी पेﾥर खालिये हाथ घर घुरि आयल छै ।
mai,572902,script:HALFWIDTH,पेﾥर ओ सधेतई कंतऽ सँ ?
mai,572911,script:HALFWIDTH,"गामे मे स्वूﾥल पर शिविर मे परूकंाँ साल देखेने रहै तऽ डाक्टर साहेब कंहने रहथिन - 'मोतियाबिंद है , ऑपरेशन कंरबाना पड़ेगा ।"
mai,572920,script:HALFWIDTH,' गणेशी के मिझायल आँखि मे पेﾥर सँ जेना आशा के एकंटा किंरण जगलै ।
mai,573362,script:BENGALI/OL/ORIYA,"सान्ताली (ᱥᱟᱱᱛᱟᱲᱤ, সান্তালী, ସାନ୍ତାଳୀ; सान्ताड़ि), जेकरा सन्ताल के नामोसे जानल जाहे, ऑस्ट्रोएसियाटिकभाषाके मुण्डा उपपरिव"
mai,574407,script:KANNADA,sunny leone xxx video hd द स गर ल एक स व ह ड ओ ಕನ್ನಡ ಚೆಕ್ಸ್ ವಿಡಿಯೋ desi chut chudai video आदिवासी बीएफ वीडियो xxx desi b
mai,574408,script:KANNADA,xxx boobs videos ತಮಿಳು ಸೆಕ್ಸ್ ವೀಡಿಯೊ www xx वीडियो करीना कपूर एक्स एक्स एक्स वीडियो tamil blue film tamil blue film भाभी
mai,579057,script:BENGALI,एक्स एन एक्स एक्स मराठी disha patani एक सएक सएक स सनी लियोनी सेक्सी व्हिडिओ xxxxxx shvita bhqbhi phon video bf chodne wa
mai,581307,script:BENGALI,"हिनकर पहिल चलचित्र पथेर पाञ्चाली (পথের পাঁচালী, पथक गीत) कान चलचित्रोत्सवमे 'सर्वोत्तम मानवीय प्रलेख' पुरस्कार प्राप्त क"
mai,584233,script:GUJARATI/TAMIL,bhabhi ki chuchi hindi bf video sex सेक्सी चूत चुदाई वीडियो sasur ne choda भाई बहन सेक्स वीडियो एक द न म म क लड क क स थ 
mai,586056,script:GUJARATI,सनी लियोन का सेक्सी पिक्चर सेक्सी बीपी व्हिडिओ मराठी kajal agrawal ka sexy video एक्स एक्स एक्स जबरदस्त એશ્વર્યા રાયના સ
mai,586057,script:KANNADA,बहू और ससुर का सेक्स ತೆಲುಗು ಸೆಕ್ಸ್ ಪಿಚ್ಚರ್ bhai bahan sexstory xxx hindi desi video ट र पल एक स व ड य द ख ओ shilpa shett
mai,588542,script:MODIFIER,एही समयमे ई सभटा समाचार बूझि जीमूतवाहन राजाक हुजूरी कए स्नान करबाक लेल अपन आवास जा रहल छलाह कि कटही गाड़ी सहायतासँ गढ़खई
mai,588548,script:MODIFIER,तखनि रानी सहो ʻमहामहत्तकक घरमे सात टा पुत्रक हत्याक सोगसँ कन्नारोहट होएतʼ से अकानैत ठाढ़ रहलीह।
mai,588587,script:MODIFIER,"तखनि रातिमे, अहाँ जखनि धोधरिमे रही, तखनि हमारा टोकलहुँ- “प्रिये, चिलहोरि, जागल छी की!” तखनि दू बेर हम, ʻजागल छीʼ से कहलह"
mai,588591,script:MODIFIER,"अगला दिन भोरमे पारणा लेऽ अहाँ हमरा कहलहुँ- ʻप्रिये पारणा नै करब?ʼ हमरा तँ अहाँक रतुका सभटा चालि बुझल छल, तें अनमनाएले हम"
mai,592409,script:GREEK,ओ बडी जोडस चिकरलखिन्ह — भाग … π ”
mai,596898,script:GUJARATI,હિન્દી સેક્સ પિક્ચર बीएफ देहाती वीडियो ગુજરાતી પિક્ચર નવા ullu web series free online सेक्स करने वाली वीडियो दिखाइए hind
mai,596899,script:BENGALI/GUJARATI,एक्स एक्स एक्स सेक्स वीडियो हिंदी एचडी chut marne wali tamil sex videos with audio મારવાડી દેશી સેકસી વીડિયો bhojpuri एक
mai,609526,script:GUJARATI,कुत्ता के बीएफ ब्लू पिक्चर देखने वाला chachi ki chodai live xxx videos ट र पल एक स स क स ब ल बांग्लादेश एक्स एक्स एक्स व
mai,610794,neardup,[एहिसभ विषयकें आधुनिक लोक दकियानूसी बुझैत छथि।
mai,613294,script:ORIYA,ओड़िसा (ओड़िशा; ओड़िआ: ଓଡ଼ିଶା) भारतके पूरबी तटपर स्थित एगो राज्जहे।
mai,618952,script:MEETEI,इम्फाल् (मनिपुरी: ꯏꯝꯐꯥꯜ) भारतके मनिपुर राज्जके राजधानी हे ।
mai,625293,script:ARABIC/BENGALI/GUJARATI/GURMUKHI/KANNADA/ORIYA/TAMIL/TELUGU,অসমীয়া বাংলা बोड़ो डोगरी ગુજરાતી ಕನ್ನಡ كأشُر कोंकणी संथाली মনিপুরি नेपाली ଓରିୟା ਪੰਜਾਬੀ संस्कृत தமிழ் తెలుగు ردو
mai,626657,script:MODIFIER,मेरी फरियाद सुन ली जाये।ʼ
mai,626661,script:MODIFIER,"आजकल जिसे ‘नमक-मिर्च लगानाʼ कहते हैं, उसे शिष्ट शब्दों में काव्यात्मकता कहते हैं, अतिशयोक्ति कहते हैं जो एक अलंकार है।"
mai,626880,script:TAMIL,"पुदुच्चेरी (तमिल्: புதுச்சேரி; अङ्ग्रेजी: Puducherry; पहिले पॉण्डिचेरी, Pondicherry), भारतगनराज्जके एगो केन्द्रसासितप्रद"
mai,628911,script:BENGALI,चित्र साभार বাবূ ফণীশ্ৱর্ ঝা (फणीश्वर)
mai,631743,script:HALFWIDTH,सगरो बड़ गुणगान होईत छैक ओकर भत्तिﾥक — ओकर सहृदयताक ।
mai,648103,script:HEBREW,एरियल शेरोन पार्क （פארק אריאל שרון - Ariel Sharon Park / פארק איילון - Ayalon Park）एक पैग सार्वजनिक पार्क छी जे [अयोलन न
mai,648456,script:MODIFIER,जुन (i/dʒuːn/joon) जुलियन आ ग्रेगोरियन क्यालेन्डर वर्षक छठम महिना छी ।
mai,656848,script:TIRHUTA,मधेपुरा (मधेपुरा जिला; मैथिली: मधेपुरा मण्डल/𑒧𑒡𑒹𑒣𑒳𑒩𑒰 𑒧𑒝𑓂𑒛𑒪) भारतके बिहार राज्जके मण्डल हे।
mai,659302,script:GUJARATI,aunty ki chut mari xx sexy videos new pron video ઇંગ્લીશ બીપી વીડીયો एक स एक स व ह ड ओ एक स एक स एक स एक स व ह ड ओ एक्स 
mai,659303,script:GUJARATI,ब्लू वीडियो सेक्सी naukrani aur malik एक स एक स व ह ड ओ एक स एक स एक स एक स व ह ड ओ actress sex video pron video hd भाभी
mai,659799,script:HALFWIDTH,लट पांचाली के पेﾥर सँ खुजले रहल ।
mai,659812,script:HALFWIDTH,एहि गाम मे कंौआ- वुﾥक्वुﾥर-नढ़िया सँगे रहैत आछ ।
mai,659816,script:HALFWIDTH,"कंाँट-वुﾥश के बोन मे भटकैत, सौंसे देह शोणिते शोणित ।"
mai,659820,script:HALFWIDTH,"आहत मोनकं घायल तड़पन, पेﾥरो आई कंनाबऽ आयल ।"
mai,667953,script:BENGALI,वि दे ह विदेह Videha বিদেহ http://www.videha.co.in विदेह प्रथम मैथिली पाक्षिक ई पत्रिका Videha Ist Maithili Fortnightly 
mai,671301,script:KANNADA,ಸೆಕ್ಸ್ ಬಿಎಫ್ ಸೆಕ್ಸ್ ಬಿಎಫ್ एक्स एक्स एक्स बीएफ मूवी chutchudai telugu six video पोर्न वीडियो डाउनलोड charmasukh chawl hou
mai,677769,script:MODIFIER,"आजकल जिसे ‘नमक-मिर्च लगानाʼ कहते हैं, उसे शिष्ट शब्दों में काव्यात्मकता कहते हैं, ..."
mai,683932,neardup,गंगासागर आ धनुषसागर पोखरिक बीचमे होबएबला रावणवध कार्यक्रम देखबालेल उल्लेख्य संख्यामे स्थानीयवासी पहुँचल करैत छथि ।
mai,683933,neardup,भक्तजनसभके कोनो प्रकारक समस्या नहि हुए एहि बातके ध्यानमे राखि कऽ डटकम हरेक वर्ष निः शुल्क भोजनक व्यवस्था करैत आबि रहल अछ
mai,683934,neardup,"तहिना ट्राफिक व्यवस्थापन करबालेल खास कऽ कऽ रामचौक, राजदेवी मन्दिर सहित विभिन्न पुजनस्थलसभमे ट्राफिक प्रहरीके परिचालन कएल"
mai,691560,script:GUJARATI/KANNADA,hot indian gay sex video ट्रिपल एक्स व्हिडीओ हिंदी मे ॲनिमल सेक्स व्हिडीओ नंगा सेक्सी फोटो ओरल सेक्स वीडियो કાકી સાથે સે
mai,691561,script:GUJARATI/KANNADA,duniya ka sabse bada land ट्रिपल एक्स डॉट कॉम व्हिडिओ sunny leonne porn marathi xxx videos ब्लू फिल्म सेक्सी चोदा चोदी m
mai,691881,script:TAMIL,"पुदुच्चेरी (तमिल्: புதுச்சேரி) जेकरा पोण्डीचेरीयो कहल जाहे, भारतके पुदुचेरी केन्द्रसासितप्रदेसके राजधानी हे ।"
mai,695213,script:BENGALI,"रिया सेन बङ्गाली: রিয়া সেন, उच्च."
mai,702912,script:BENGALI,http://www.videha.co.in ‘রিদেহ’ পাক্ষিক পত্রিকা विदेह मैथिली पाक्षिक ई पत्रिका Videha Maithili Fortnightly e Magazine
mai,703041,script:HALFWIDTH,गामक छिच्छा आब एकोराी नीक नइँ लागि रहल छै डॉﾀटर कामना यादव केञ्ँ।
mai,703042,script:HALFWIDTH,"लोकेञ् अधﾀकी होइ छै, वंशउजाड़ौन होइ छै!"
mai,703050,script:HALFWIDTH,ओहू मे कैञ्क टा अड़रनेबा तेहन पीयर सँ ललौन जकाँ भ’ रहल छलै जे खसेला पर भﾀका-भﾀका भ’ जयतै।
mai,703065,script:HALFWIDTH,"एहि पर की कहैत कामना?…ते ँ ओ ससﾐमान बुढ़वाक विदाइ कर’ चाहै छलि, मुदा कोनो दोसर रखबार भेटतै तखने ने?…"
mai,703068,script:HALFWIDTH,"ओﾐहर पूना मे ओकर ﾀलीनिक एक-एक दिन बन्न भेला सँ जे परेशानी आबि रहल छलै, से अलगे।"
mai,703072,script:HALFWIDTH,ई रच्छ रहलै जे ओकर बाप ओकरा ﾀलीनिक मे मुइलै आ तत्काल गाम अयबाक झंझटि सँ बचि गेलि।
mai,703074,script:HALFWIDTH,"एहने ठाम भाय-भातीज, कﾀका-पीसा, बहिन-गोतनी आकि जाउत-जयधी बला पुरना परिवार मोन पडि़ जाइ छै लोक केञ्ँ।"
mai,703084,script:HALFWIDTH,ड्डेञ्र-ड्डेञ्र एहि पर लुधकि जयतै डﾐहा आ
mai,703088,script:HALFWIDTH,गाछक आत्मा डिﾎबा मे केञ् भरि सकैञ्ए?
mai,703103,script:HALFWIDTH,दूध-घीक पैसा आकि गाछ-बाँस आ उपजा-बारी सँ कैञ् गोटे सुﾏयस्त भेल अछि?
mai,703110,script:HALFWIDTH,बापक लेल नचनिञे छल!…बियाहो ओﾐहरे कयलक।
mai,703136,script:HALFWIDTH,"बुढ़वा केञ्ँ शहरक डॉﾀटर लग चलै लेल मंगनी कतबो जिद्द करै, बुढ़वा तैयारे ने होइ।"
mai,703168,script:HALFWIDTH,ओकर दादा कारी यादवक मुइलाक बादे एत’ ड्डुञ्सिघरक जगह पﾀका मकान बनल छलै।
mai,703175,script:HALFWIDTH,"रामजी मंडल केञ्ँ सﾁत आदेश भेटलै जे गाछक कोनो फल आकि तीमन तरकारी ओ जते चाहय खाय सकैञ्त अछि, मुदा एﾀको पाइक किछु बेचि नइँ "
mai,703180,script:HALFWIDTH,आ एक दिन मंगनी यादव विश्वविद्यालय सँ सेवामुﾀत भ’ सपत्नीक गाम आबि गेल।
mai,703193,script:HALFWIDTH,"मंगनी यादव जहिया सेवामुﾀत भ’ बनारस सँ गाम घूरल छल, ओकरा अपन स्टेशन कातक दोकान मे बेसी अपरिचिते लोक भेटल छलै।"
mai,703201,script:HALFWIDTH,"मंगनी कने आरो आगू बढ़ल, तँ देखलक जेﾐहर पहिने धनुकटोली छलै, ओत’ पैघ सन कोनो ड्डैञ्ﾀट्री खुजि गेल छलै जकरा छतक ऊपर तीन टा "
mai,703207,script:HALFWIDTH,दूर-दूर धरि देखलाक बादो ओकरा नजरि पर अपना घर लगक गाछ छोडि़ कतहु एﾀको टा तेहेन पैघ गाछ नइँ अयलै।
mai,703208,script:HALFWIDTH,जेﾐहरे देखलक सब किछु एकदम उजड़ल-उजड़ल सन बुझेलै।
mai,703217,script:HALFWIDTH,"बेटी कामना आ बाकी हित-मित सँ संपर्कञ् लेल ओकरा घर मे फोन आ मोबाइल छलै, रंगीन स्क्रञ्ीनबला कंञ्प्यूटर छलै जकर तार सﾐपूर्ण"
mai,703223,script:HALFWIDTH,कामना दिल्ली छोडि़ पूना मे प्रैﾀटिस शुरूञ् क’ देने छलि।
mai,703226,script:HALFWIDTH,आ एक राति कामनाक मायक छाती मे तेहेन ने दर्द उठलै जे डॉﾀटरकञ् अबैत-अबैत बेचारी चलि गेलि।
mai,703240,script:HALFWIDTH,बिना कोनो जवाब देने कामना कॉल डिस्कनेﾀट क’ देलक।
mai,703252,script:HALFWIDTH,एﾀको शﾎद एहन नइँ भेटल छलै तखन ओकरा जाहि सँ अपन कलाकारमना बापक मोन केञ्ँ राहत द’ सकैञ्त छलि।
mai,703253,script:HALFWIDTH,तखन ओकरा अपन डॉﾀटरीक ज्ञान अकाजक बुझायल छलै।
mai,703257,script:HALFWIDTH,गेट पर सी सी मिश्रा नामक एक टा मैथिली भाषी सेﾀयुरिटी एजेंटक दलाल छलै जे पछिला दू दिन सँ नव-नव रखबार ओकरा लेल ताकि रहल छल
mai,703259,script:HALFWIDTH,"कि विनम्र सन बनैत ओ दलाल बाजल, ”डॉﾀटर यादव, सुनियौ!"
mai,703261,script:HALFWIDTH,हम तँ नोकरीयेक क्रञ्म मे एﾐहर आबि गेलहुँ।
mai,703280,script:HALFWIDTH,गाछ सब लग मुﾀताकाश मे टेबुल-कुर्ञ्सी लगा देल जयतै आ डारि सब पर जगमग लाइट टँगा जयतै।
mai,703284,script:HALFWIDTH,"किएक तँ एतहु रसे-रस बड़का-बड़का कंञ्पनीक डायरेﾀटर, सीईओ, एनआरआई आ विदेशी मेहमानक आगमन शुरूञ् होबए बला छै।…”"
mai,703288,script:HALFWIDTH,"डॉﾀटर छी अहाँ, ओल्ड थिंक आ भावुकता सँ किछुओ फायदा नइँ हैत।"
mai,703290,script:HALFWIDTH,"चालीस पार क’ चुकलि डॉﾀटर कामना यादव मे प्रौढ़ता आ धैर्य आबि गेल छलै, मुदा तैयो ओ अपना जगह पर बैसलि नइँ रहि सकलि।"
mai,703295,script:HALFWIDTH,"कदम गाछक बाद देबालक काते-कात लागल जिﾐहड़, अमड़ा आ अशोक पर बेरियाक रौद खसि रहल छलै।"
mai,703301,script:HALFWIDTH,पूना सँ ओकर ﾀलीनिकक फोन छलै।
mai,703303,script:HALFWIDTH,सुबह की ﾍलाइट से आ रही हूँ।
mai,703304,script:HALFWIDTH,एक-डेढ़ बजे तक ﾀलीनिक में रहूँगी।” आ एतबा कहैत ओकर नजरि एकबेर ड्डेञ्र अपन दादा कारी यादवक तीन किलोक हरौती लाठी पर चलि गे
mai,703377,script:HALFWIDTH,"उत्तर जेना स्टीरियोटाईप, प्री-रिकोर्डेड, बिना कोनो जाच-पड़ताल, नाम-पता पुछने, पेﾥकल सन।"
mai,711752,script:HALFWIDTH,"एहि पर की कहैत कामना?...तेँ ओ ससﾐमान बुढ़वाक विदाइ कर' चाहै छलि, मुदा कोनो दोसर रखबार भेटतै तखने ने?..."
mai,711800,script:HALFWIDTH,"बुढ़वा केँ शहरक डॉﾀटर लग चलै लेल मंगनी कतबो जिद्द करै, बुढ़वा तैयारे ने होइ।"
mai,723290,neardup,"मुदा जँ व्रत अथवा उपासक संकल्प कए लेल गेल छैक तँ अशौचहुमे व्रत-उपास, पूजा-पाठ आदि करबाक विधान कएल गेल छैक।"
mai,727826,script:TAMIL,तमिल भाषामे मन्दिरके कोईल या कोविल (கோவில்) कहैत अछि ।
mai,730437,script:BENGALI,वि दे ह विदेह Videha বিদেহ http://www.videha.co.in विदेह पथम मैथिली पाक्षिक ई पत्रिका Videha Ist Maithili Fortnightly e 
mai,734162,neardup,"बात किछु ने बुढ़िया फूसि मुदा सोग तेहेन जे रोगौने टा नै, सोगौने सेहो छन्हि।"
mai,734165,neardup,साधारण जिनगी जीबैक अभ्यास तँए पाइ-पाइक हिसाब जोड़ि समुचित काज करैत जिनगी चैनसँ चलैत छन्हि।
mai,734170,neardup,किएक तँ पत्नीक मान तँ परिवारमे दादीक छन्हि।
mai,734177,neardup,खाली जोड़ भरि धोती आ अंगा आ गमछा कीनि लेब।”
mai,734393,script:BENGALI,वि दे ह विदेह Videha বিদেহ http://www.videha.co.in विदेह प्रथम मैथिली पाक्षिक ई पत्रिका Videha Ist Maithili Fortnightly 
mai,737721,script:GUJARATI,गांव की एक्स एक्स वीडियो desi bp picture भाभी की चुदाई साड़ी में सेक्सी फुल बीएफ chachi ki chudai video x indian video म
mai,739968,script:HALFWIDTH,"आहत मोनक घायल तड़पन, पेﾥरो आई कनाबऽ आयल।"
mai,744555,script:GUJARATI,xxx hot wife सेक्सी वीडियो देहाती चोदा चोदी wwwxn video com choda chudir video tamil nadu bf मोदी का सेक्स वीडियो જંગલ ન
mai,744556,script:GUJARATI,पंजाबी आंटी की चुदाई લેડીસ સેકસી વીડિયો કેમેરા ફોટા પાડવાનો ब्लू हिंदी में थ र एक स ब प स क स व ह ड ओ indian boob suck स
mai,744990,neardup,फुलपरास-गुलजार देवीः हिनका पर कोनो तरहक न्यायाकि मामला नहि दर्ज छन्हि।
mai,744991,neardup,राजनगर-रामअवतार पासवानः हिनका पर कोनो तरहक आपराधिक मुकदमा दर्ज नहि छन्हि।
mai,744992,neardup,लौकहा-सतीश कुमार साहः हिनका पर कोनो तरहक आपराधिक मुकदमा दर्ज नहि छन्हि।
mai,744994,neardup,फैयाज़ अहमदः हिनका पर कोनो तरहक आपराधिक मुकदमा दर्ज नहि छन्हि।
mai,744995,neardup,हरलाखी-शालीग्राम यादवः हिनका पर कोनो तरहक आपराधिक मुकदमा दर्ज नहि छन्हि।
mai,753802,script:TIBETAN,खुम्बु शेर्पा: ཁུམ་བུ། नेपालक पूर्वी भागमे सगरमाथा अवस्थित अछि ।
mai,756293,script:GUJARATI,सेक्सी चोदा चोदी हिंदी में मिया खलीफा का सेक्स वीडियो nind ki tablet ka naam ગુજરાતી સેક્સ વિડિઓ www bangbors com सेक्सी
mai,758568,script:MODIFIER,"राजनीतिक कारण सँ आइ हमरालोकनि बिहार नामक एकटा ‘कोलाजʼ संस्कृति आ भाषा वला राज्यक अन्तर्गत सम्मिलित कए देल गेल होइ, मुदा "
mai,758578,script:MODIFIER,एकरा यूरोपियन विद्वान् ‘स्कूल ऑफ लॉʼ कहने छथि।
mai,758579,script:MODIFIER,"ई पाँच टा ‘स्कूल ऑफ लॉʼ भारतमे अछि- मिथिला, बंगाल, बनारस, महाराष्ट्र आ द्रविड़।"
mai,758583,script:MODIFIER,ब्रिटिश शासन कालमे प्रिवी कौंसिलक अनेक एहन निर्णय आएल अछि जाहिमे एही ‘स्कूल ऑफʼक आधार पर मुंगेर आ भागलपुर निवासी लोकनिक 
mai,758599,script:MODIFIER,की एहन आग्रह आ प्रस्ताव ‘इतो भ्रष्टस्ततो भ्रष्टःʼ के स्थिति नै आनि देत?
mai,758607,script:MODIFIER,"अथवा ओ कोनो परम्परा नै थीक, एकटा ‘खिच्चड़िʼ मात्र थीक, जे व्यापारी समुदाय अपन फायदाक लेल प्रचारित करबामे लागल अछि।"
mai,758702,script:MODIFIER,"मानि लियऽ राष्ट्रवादक नाम पर हमरालोकनि “विवाहमे जूता चोरएबाक” विधि करए लागी आ ‘परिछनिʼ छोड़ि दी, ‘ठक-बक-चान डालाʼ बिसरि "
mai,758704,script:MODIFIER,की ‘भाँगड़ाʼ राष्ट्रवाद थीक आ ‘जटा-जटिनʼ क्षेत्रवाद भेल?
mai,758708,script:MODIFIER,आइ ‘ग्लोबलाइजेशनʼक बाढ़ि जँ पाँक आनि सभटाकेँ भथन कए देत तँ किछु नै रहत तेँ ऊँच कए आरि बाँधए पड़त।
mai,765619,script:MODIFIER,"राष्ट्रकवि रामघारि सिंह ʼदिनकरʼ जिनक जन्मस्थली बेगुसराय जिलाक नौलागढ, जयमंगलागढ, वीरपुर-बरियारपूर, शिव मंदिर (गढपुरा), स"
mai,772551,script:MODIFIER,माटि कटान सङ्गे बाढ़ि गाममे ढुकʼ लगलापर स्थानीय बासिन्दा त्रसित भेल जा रहल अछि।
mai,774015,script:MODIFIER,"(ऐ प्राकृतिक दृश्यपर एकटा गजल, शेर, रुबाइ, कता, हाइकू/ टंका/ शेनर्यू/ हैबून लिखू ।चित्र :सौजन्य Tauʻolunga ,Obsidian Sou"
mai,774479,script:KANNADA,dehati chut chudai dost ki mom ko choda ullu web series online watch mx player ಸೆಕ್ಸ್ ಬಿಎಫ್ ಕನ್ನಡ baap beti choda chodi 
mai,774480,script:GUJARATI,सनी लियोन का सेक्सी पिक्चर सेक्सी बीपी व्हिडिओ मराठी kajal agrawal ka sexy video एक्स एक्स एक्स जबरदस्त એશ્વર્યા રાયના સ
mai,774506,script:MODIFIER,बन्द आँखिसँ बैसकʼ एक क्षण तँ
mai,774507,script:MODIFIER,सोचिकʼ हाल सहमैत लोक
mai,774509,script:MODIFIER,"दौडैकʼ लक्ष्य थामने, पिघलैत लोक"
mai,776738,script:MODIFIER,"बेङ्गलोर / b æ ŋ ɡ ə ˈ l ɔː r, आधिकारिक रूपमे बेङ्गलुरू क नामसँ जानल जाइत अछि ।"
mai,778476,script:MICRO,"ध्ूमकेतु1 सांस्कृतिक शु(ता, अशु(ताक आधर पर मैथिली भाषी क्षेत्रा तथा भाषा-साहित्यके ँ दू खण्डमे बांटल अछि ;नेपालक मैथिली "
mai,778542,script:MICRO,"‘नेपालीय मैथिली’ नामकरण हो, नेपालीपना हो, अथवा गुराँसक चर्चा µ ई सभ थिक स्वतन्त्रा अस्तित्वक स्थापनाक प्रयास।"
mai,778620,script:MICRO,"‘गामघर’क प्रकाशनक उद्देश्य भए जाइछµ‘राष्ट्र, राजमुकुट एवं व्यवस्थाक प्रति वपफादार रहब।’ राष्ट्र आ’ राजमुकुटक प्रति कोनो "
mai,778748,script:MICRO,"कनियाँक माएक आक्रोशके ँ सहदैत दोसर स्त्राी बजैत अछिµ‘ठीके तँ कहै छथिन, हिनकर सब खर्च कएल व्यर्थे मे चल गेलनि।"
mai,779971,script:GUJARATI,एक स एक स व ह ड ओ एक स बुड्ढे लोगों का सेक्स वीडियो सनी लियोन पोर्न वीडियो સેકસી ફોટા સેકસી chacha bhatiji ki chudai nxn
mai,779972,script:BENGALI,सेक्सी बीएफ गाना वाली सेक्सी सेक्सी ब्लू पिक्चर वीडियो xxx tamil v chut or land moti gand ki chudai ओड़िया एक्स वीडियो n
mai,785791,script:ARABIC/CYRILLIC,"अन्दीझान या अन्दीजान (उज्बेक: Андижон, रूसी: Андижан, चगताई: اندیژان, अङग्रेजी: Andijan) मध्य एशियाक उज्बेकिस्तान देशके "
mai,785905,script:BENGALI,भाभी देवर के सेक्सी वीडियो japanese mom xnxx भाई बहन की चुदाई हिंदी hindi mein bf dikhaiye sister and brother bf video b
mai,785906,script:BENGALI,sexy video bhojpuri bf সানি লিওন এক্স এক্স ভিডিও local blue film म ब ट क ट र पल एक स नंगी सेक्सी दिखाओ swathi naidu bf भ
mai,786167,script:TIBETAN,- ब द धन थ Tibetan: བ ར ང ཁ ཤ ར Wylie: bya - rung - kha - shor क ठम ड शहरक प र व भ गम अवस थ त एक प रस द ध ब द ध स त प तथ
mai,789673,script:MODIFIER,"लेखक, लोकहा लोकही कʼ नामकरण केँ लऽ कऽ एकटा महत्वपूर्ण घटनाक जिक्र कएने छथि, जखन शहंशाह अकबर कालमे एक लाख मालदह आमक गाछ ल"
mai,794886,script:TAMIL,तमिल् (தமிழ்) एगो सास्त्रीय द्राबिड़ीयभासा हई जे मूलरूप से दक्खिन एसियाके तमिल् लोगद्वारा बोलल् जाहई।
mai,794994,script:BENGALI/GUJARATI/TAMIL,செக்ஸ்படம் வீடியோ ஹிந்தி मराठी बीपी शॉर्ट ब्लू फिल्म दिखाओ ब्लू फिल्म bhabhi sexy bf brazzer xxx videos ब्लू इंग्लिश फिल
mai,796579,script:GREEK,"जहिया ओ जनमल, बड़कीमाइ धरतीपर खसहु नहि देलकैकि π कहा“दोन माटि लागि जइतैक ππ कहैत छैक जे पशु जाति गन्धेस“ चिन्हऐत छैक आ प"
mai,796598,script:GREEK,"ह“, चितकबरी स्थिरस“ अबैकि त“ ओ दौडैत–कुदैत–फानैत π कहियो काल जखन बड़कीमाइ कोनो काज –धन्धामे लागलि रहैति छलि अथवा ककरोस“ "
mai,796661,script:GREEK,प्राकृतिक रुपस“ ओकरा अपनालेल आवश्यक विषयमे भगवान बुझक जतबे सामथ्र्य देने छथिन्ह ओ ततबे ने बुझत π ओ अपन दिनचर्या क’ सकैत 
mai,798898,script:GUJARATI,बीएफ एचडी वीडियो सेक्सी એપ્લિકેશન ફોટા બનાવાની દેશી ભાભી બીપી devar bhabhi sexy video desi chut photo aadami aadami ki c
mai,808283,script:BENGALI,"अरविन्द घोष या श्री अरविन्द (बांग्ला: শ্রী অরবিন্দ, जन्म: १८७२, मृत्यु: १९५०) एकटा योगी एवं दार्शनिक छलाह।"
mai,815299,script:BENGALI/GUJARATI,नेकेड सेक्सी वीडियो बीएफ चुदाई बीएफ चुदाई sexy porn vedio बाप के सामने बेटे ने मां को चोदा স্কুল সেক্স ভিডিও पोर्न डॉट क
mai,815300,script:GUJARATI,एक्स एक्स एक्स सेक्सी वीडियो बीपी स क स video एक सएक सएक स indian x master देहाती ससुर बहू की चुदाई bollywood hot heroin
mag,357,script:BENGALI,Nossa Equipe de recrutamento মূল্যनिर्धारणहरू प्रैक्टिमेन्ट क्वाक्वेर Assunto।
mag,361,script:GUJARATI,"Por outro lado, encontrar trabalho Em દુबई é uma coisa e ter um visto é outraistória।"
mag,392,script:GUJARATI,Nossa Firma Nos Amitrados Ao Fundo Ajudando Estrangeiros Guiando mulheres expatriadas para પરિણામको लागि दुबई।
mag,401,script:BENGALI,E nossos ডিরেক্টरेस सो कोस कमो यू ओब्जेटिभो।
mag,430,script:GURMUKHI,Exmate uma garantia de Que vou ਨਤੀमावली उम सम्राटिक?
mag,478,script:GURMUKHI,"Ou, até Mesmo, Sem Demora, deixe Seu currículo na Seção rápida e espere pelos ਨਤੀानाड्स।"
mag,483,script:GURMUKHI,E todas as coisas ਵਿਚਾਰ केन्द्रीय टेन्डमोस कोलोकार भोक।
mag,507,script:GURMUKHI,"Ao se Tornar um membro प्रोफेशनल दा दुबई शहर कम्पनी, भोज एस्टेट प्रीएनचेन्डो उम फॉर्मूलेरियो पारा मेलोरास सुअन्स चान्स p"
mag,514,script:GURMUKHI,एक दुबई शहर कम्पनी सार्वजनिक peças de carreira esperança de ਨਤੀਜੇguir um emprego।
mag,518,script:ARABIC,"Então, descubra como procurar vagas de emprego para profلتais।"
mag,521,script:ARABIC,"Então, descubra como procurar vagas de emprego para profلتais।"
mag,524,script:ARABIC,"अलम डिस्को, एक यूरोपा ea empresa نور्ट-अमेरिका दुबई सिटी कम्पनी निश्चित दुबै शहरको कम्पनी निश्चित दुबई, नयाँ कोट्याडाडोज"
mag,525,script:ARABIC,"Então, com isso Em mente, por مهرباني गर्नुहोस्, nosso साइट डे एम्प्रेगो हेर्नुहोस्।"
mag,1071,script:CYRILLIC,एकरा लगी लैटिन के अक्षर के प्रयोग कइल जा हलइः рn - prorsus nescit (कुछ नञ् जानऽ हइ); ns - nescit (लगभग कुछ नञ्); nt non 
mag,1228,neardup,"[1] प्लाख़्ता – (In Ukraine) a thick woolen or cotton fabric with patterns of squares, stripes, stars, etc., made in a h"
mag,1917,script:ARABIC/SHARADA,श्रीनगर (कश्मीरी: 𑆯𑇀𑆫𑆵𑆤𑆓𑆫/سِریٖنَگَر; अङ्ग्रेजी: Srinagar) भारतके जम्मू आउ कश्मीर राज्जके सबसे बड़का नगर आउ ग्रीष्मकालीन
mag,4829,script:CJK,पहाड़ी के स्थिति पटना से दक्षिण-पूरब आउ बड़गाँव चाहे नालंदा से उत्तर-पूरब ई अनुमान के संभावना दे हइ कि ई पहाड़ी ठीक ओहे 
mag,5008,script:OL,"जमसेदपुर या जमशेदपुर (सन्ताली: ᱡᱟᱢᱥᱮᱫᱽᱯᱩᱨ; अङ्ग्रेजी: Jamshedpur) जेकर दूसरनाम टाटानगरओ हई, भारतके झारखण्ड राज्जके एगो न"
mag,5259,script:BENGALI,कलकता या कोलकाता (बाङ्ला: কলকাতা; अङ्ग्रेजी: Kolkata) भारतके पच्छिमबङ्गाल राज्जके राजधानी हई आउ भारतके प्रमुख महानगरमे स
mag,6824,script:CYRILLIC,कुल कैदियन में से अधिकांश असैनिक अथवा सिविल (मिलिट्री के विपरीतार्थक) श्रेणी के ссыльнокаторжные (सिल्नो-कातोर्झनिए अर्थ
mag,11472,script:ORIYA,ओड़िआ (ଓଡ଼ିଆ) अथवा उड़िआ भारतीय राज्ज ओड़िसामे बोलल् जाए बाला एगो सास्त्रीय हिन्द-आर्यभासा हई।
mag,12242,script:CYRILLIC,[2] राजकुमार ए॰ एन॰ गोलित्सिन आउ निकितेन्को के बीच संबंध के कुछ विवरण में रुचि रक्खे वलन एन॰ के॰ शील्डर के निम्नलिखित नो
mag,12243,script:CYRILLIC,"Голицын в 1824 году), रूस्कयऽ स्तरिना, 1893, खंड-79, सितम्बर, पृ॰612."
mag,12338,script:KAITHI,"अबधी (अवधी; कैथी: 𑂃𑂫𑂡𑂲), जेकरा औधी नामो से जानल् जाहई, उत्तर भारतमे बोले जाए बाला हिन्द-आर्य साखाके एगो पूरबी हिन्दीभासा"
ang,469,script:GREEK,एगो बेलनाकार मानचित्र प्रक्षेपणो क मानचित्रो प अक्षांश φ आरू देशांतर λ रो भौगोलिक निर्देशांको क भूमध्य रेखा प मूल आरू भू
ang,1073,script:RUNIC,1980 रो दशको मं कलाकार जॉन डेविस आरू आनुवंशिकीविद् डाना बॉयडॅ न स्त्रीत्वो ( ᛉ ) लेली जर्मनिक प्रतीको क बाइनरी कोडो मं आ
ang,1584,script:CJK,"चूंकि विजेता ऊ छेकै जौनॅ ई निर्धारित करै छै कि कौनॅ स्वर्गो रो जनादेश पैलॅ छै आरू कौनॅ एकरा खोलॅ छै , कुच्छू चीनी विद्वा"
ang,1847,script:GREEK,"कंप्यूटर आरू सुपर कंप्यूटरो रो उपयोग करी क , π , e आरू 2 रो वर्गमूल सहित कुच्छू गणितीय स्थिरांको सिनी रो गणना एक सो अरबो"
ang,2926,script:SCRIPT,"एकरां मं स पहिलो प्रमाण बर्नार्ड ड्वॉर्को देलाय सिद्ध करलो गेलो छेलै ; पहिलो दू रो एगो पूरे तरहो स अलग प्रमाण , ℓ-एडिक क"
ang,3389,script:GREEK,"वास्तुकला ( लैटिन आर्किटेक्चर , ग्रीक ἀρχιτέκτων आर्किटेक्टन "" वास्तुकारो "" स , ἀρχι- "" प्रमुख "" और τέκτων "" निर्माता "" "
ang,3431,script:GREEK,"जनसांख्यिकी ( प्राचीन ग्रीक δῆμος ( डेमोस ) स उपसर्ग डेमो स जेकरो अर्थ छेकै ' लोग ' , आरू γράφω ( ग्राफो ) स - ग्राफी जे"
ang,3951,script:CJK,"प्रमुख ऐतिहासिक उदाहरणो सिनी मं चीनो रो महान दीवाल शामिल छै , जेकरा कत्तॅ नी राजवंशो रो राज्य समर्थनो रो माध्यमो स दू सह"
ang,4115,script:MODIFIER,"यें रूप chʼ आरू ch रो बीचो मं ध्वन्यात्मक अंतरो क बरकरार राखै छै , कैन्हॅ कि आधार शब्द chʼeʼen ( जे , हालांकि , मायां मं"
ang,4355,script:GREEK,पृथ्वी रो सतहो प एगो बिंदु रो φ या फाई भूमध्यरेखीय तल आरू ऊ बिंदु स होय क पृथ्वी रो केंद्रो स ( या ओकरो लगीच ) गुजरै वाल
ang,4409,script:GREEK,"मेंडलो रो कामो रो समर्थक विलियम बेटसनं 1905 मं जेनेटिक्स शब्द गढ़लॅ छेलै ( विशेषण जेनेटिक , जे ग्रीक शब्द जेनेसिस-γένεσι"
ang,4419,script:GREEK,अंतर (λ − λ0) रेडियनो मं छै ।
ang,5214,script:CYRILLIC,"हालांकि , एगो आरू छोटो प्रकारो रो बस्ती छै जेकरा यूक्रेनी मं सेलेशे ( селище ) रो रूपो मं नामित करलो गेलो छै ।"
hin,2128,neardup,पूर्वी सीमा पर अवैध घुसपैठ की समस्या के समाधान के लिए भारत ने शुक्रवार को बांग्लादेश से 'एक उपयुक्त व्यवस्था या प्रोटोकॉ
hin,2129,neardup,प्रत्यर्पण संधि और आपराधिक मामलों में परस्पर कानूनी सहायता पर समझौते के लिए भारत द्वारा जोर दिए जाने के बाद बांग्लादेश इ
hin,2131,neardup,दोनों देशों के बीच दो दिनी सचिव स्तरीय बैठक शनिवार को खत्म हुई.
hin,2133,neardup,बयान पर बांग्लादेश के गृह सचिव सरफ़राज़ हुसैन के साथ दस्तखत करने वाले भारतीय गृह सचिव वी. के. दुग्गल ने कहा कि दोनों पक्
hin,2134,neardup,दोनों देशों के बीच समानताओं का ज़िक्र करते हुए हुसैन ने कहा कि ढाका को आगामी सार्क सम्मेलन के लिए भारत के प्रधानमंत्री म
hin,2135,neardup,हुसैन ने संयुक्त बयान पढ़ा लेकिन किसी भी पक्ष ने मीडिया के सवालों का जवाब नहीं दिया.
hin,2140,neardup,दोनों पक्षों ने नशीले पदार्थों की तस्करी रोकने के लिए शीघ्र समझौते की ज़रूरत पर जोर दिया.
hin,2141,neardup,सीमापारीय अपराधों को रोकने के लिए भी दोनों पक्ष सीमा पर निगरानी बढ़ाने और कार्रवाई करने पर राजी हुए.
hin,2257,neardup,ठंड के मौसम में रेल यात्रियों की अतिरिक्त भीड़ के मद्देनजर शुक्रवार को नई दिल्ली से मुंबई सेंट्रल के लिए एक राजधानी स्पे
hin,22495,script:GREEK,बादल संघनन नाभिक या संघनन का नाभिक (अंग्रेजी: Cloud condensation nuclei) [या मेघांकुर(मेघ के अंकुर)] वो छोटे कण (आमतौर प
hin,36803,script:ARABIC,لو ارداشیان वेलेंटाइन डे मनाने के लिए फूलों का गुलदस्ता।
hin,41714,script:ARABIC,"वह, जब प्रतिबिंब दर्पण देखा जब बुद्धि के साथ खेल, दर्ज करें, अश्लील, पैरों के बीच था, और एक मिनट के बाद आँखें, और जबकि म"
hin,44663,script:GREEK,Agilent टेक्नोलॉजीज से इस बहुमुखी साधन दुनिया में केवल व्यावसायिक रूप से उपलब्ध AFM अनुमति देता है कि दोनों बड़े (हवा मे
hin,44678,script:GREEK,- सटीक स्थान मानचित्रण (0.5μm सटीक) reproducibility सुनिश्चित करता है
hin,53284,script:CYRILLIC,परीक्षण मंच: MATLABВ®।
hin,53303,script:CYRILLIC,परीक्षण मंच: MATLABВ®।
hin,69147,script:CYRILLIC,|Pinterest खाता अनुयायी-[0-24 घंटे शुरू] [20-100+/दिन] [Индия]
hin,69148,script:CYRILLIC,|Pinterest अनुयायी [अधिकतम: 10K] [प्रारंभ समय: 12 घंटे] [गति: 200/दिन] [Индия]
hin,69149,script:CYRILLIC,|Pinterest अनुयायियों [रिफिल: 6 महीने] [अधिकतम: 2K] [प्रारंभ समय: 0 - 1 घंटा] [Индия]
hin,102044,script:NKO,ߌ ख्याला और नोखू ने मालिको के गांव आते ही परम्परानुसार अपने जूतों को उतारकर अपनी बगल किया।
hin,102129,script:ARABIC,ݠ देवता ने ख्याला के परिवार को तलब किया।
hin,121433,script:TELUGU,"ड… Etoi News వాణిజ్య पालतू जानवर क्षेत्रीय विकास अध्ययन केन्द्र यह साइट विश्लेषण, वैयक्तिकृत सामग्री और विज्ञापनों के लि"
hin,126134,script:MODIFIER,ʹपित्तघ्नं घृतम्ʹ के अनुसार गोघृत पित्त और पित्तजन्य विकारों को दूर करने के लिए श्रेष्ठ माना गया है।
hin,152595,script:GREEK,"तब λ Q = f( λ A, λ B, λ C, λ D)"
hin,152609,script:GREEK,α तथा β दो धनात्मक स्थिर संख्याएँ हैं।
hin,152613,script:GREEK,= KG(Lα) (C1-α) [G=GवG1- α]
hin,172914,script:CYRILLIC,"- ѕ मॉड्यूल का एक सेट, जिनमें से प्रत्येक सिस्टम के इनपुट पर प्राप्त डेटा द्वारा सक्रिय किया जा सकता है, यदि यह डेटा इस "
hin,184493,script:ARABIC,नई दिल्ली: देश के जाने माने वकील और पूर्व कानुन मंत्री राम जेठमलानी का कहना है कि पैगम्बर मुहम्मद (ﷺ) की शक्शियत और उनके
hin,184495,script:ARABIC,जेठमलानी ने कहा कि “इस्लाम में शिक्षा देने को लेकर जो बातें और हिदायतें दी गयी हैं वह आज के वक़्त के हिसाब से भी बिलकुल 
hin,206668,script:ARABIC,"This is the 'Nikah Nama' of the first marriage of— Nawab Malik نواب ملک नवाब मलिक (@nawabmalikncp) October 27, 2021"
hin,215790,script:MICRO,उसने बुद्ध से कहाµ “भगवन्!
hin,215797,script:MICRO,उसने बुद्ध को साष्टांग प्रणाम किया और धन्यवाद देते हुए बोलाµ बड़ी कृपा की भगवन्!
hin,215802,script:MICRO,आनंद ने बुद्ध के पास जाकर पूछाµ “भगवन्!
hin,215807,script:MICRO,बुद्ध ने मौन तोड़ते हुए कहाµ “आनंद!
hin,230687,script:CYRILLIC,В लॉस एंजेलिस टाइम्स मार्च 18 ने पैट्रिक जे।
hin,260878,script:BENGALI,पश्चिम बंगाल (भारतीय बंगाल) (बंगाली: পশ্চিমবঙ্গ) भारत के पूर्वी भाग में वित्तीय सहायता स्थित एक राज्य है।
hin,262432,script:CYRILLIC,परिवहन और लॉन्च कंटेनर (TPK) में रखा 10000 मुकाबला मिसाइलों पर लॉन्च मॉड्यूल के साथ Renault-TRM-8 ऑटोमोबाइल चेसिस (8х8 व
hin,272877,script:HALFWIDTH,"प्रयोग किंए जाने वाले ब्राउﾥजर कंा प्रकंार, साइट पर पहुंचने कंा समय एवं दिनांकं, जितने पृष्ठों कंो खोला गया, दस्तावेजों "
hin,272878,script:HALFWIDTH,"हम उपयोगकंर्ता या उसकंी ब्राउﾥजिंग गतिविधि कंो पहचान नहीं पाएंगे जब तकं किं कंानून प्रवर्तन आधकंरण, सेवा देने वाले कंे ल"
hin,272879,script:HALFWIDTH,"कुकंी , साफ्टवेयर कंोड कंा भाग है जिसे इंटरनेट वैबसाइट आपकंे ब्राउﾥजर कंो भेजता है जब आप उस साइट से सूचनाएं प्राप्त कंरत"
hin,273693,script:GUJARATI,“વડલાનાં વાવેતર ”नाम की पुस्तक में परम पूज्य मातुश्री पुष्पाबहन और विकासगृह के बारे में विस्तृत माहिती उपलब्ध है ।
hin,280290,neardup,दीपावली महापर्व के दूसरे दिन (पड़वा) के दिन शीत ऋतु में मंदिर के द्वार बंद कर दिए जाते हैं।
hin,280292,neardup,पुरोहित ससम्मान पट बंद कर भगवान के विग्रह एवं दंडी को 6 माह तक पहाड़ के नीचे ऊखीमठ में ले जाते हैं।
hin,284851,script:BENGALI,"हिट और श्रेणियों के आधार पर छाँटे गए एचडी पोर्न वीडियो:big penis advice, banging beauties inked anal slut krysta kaos lt"
hin,284855,script:BENGALI/GUJARATI/HANGUL,"हिट और श्रेणियों के आधार पर छाँटे गए एचडी पोर्न वीडियो:cerita hot sedarah, sexfillm hindi, francesca capaldi porn, dudy "
hin,294756,script:CYRILLIC,"IMDS-2013 पर, NPO शनि ने एक समुद्री दोहरे ईंधन गैस टरबाइन इंजन E70 / 8РД का प्रदर्शन किया।"
hin,295141,script:GREEK,(2) प्रबल विधुत अपघट्यो के लिए बहिर्वेशन विधि द्वारा Λm0 का मान ज्ञात कर सकते है।
hin,295142,script:GREEK,(3) दुर्बल विधुत अपघट्य के लिए बहिर्वेशन विधि द्वारा Λm0 का मान ज्ञात नहीं कर सकते।
hin,300684,script:CJK,"若你是位 扑克玩家 ，我也邀请你在文末留言，来和大家分享从中学到的人生课程。, triple card poker बिटकॉइन लाइव डीलर कैसीनो."
hin,305030,script:GREEK,"ये मोनोक्लोनल एंटीबॉडी एक विरोधी भड़काऊ कार्रवाई करते हैं, क्योंकि उनके एंटीजन में मानव TNF-α शामिल होता है, जो प्रो-भड़"
hin,331043,script:THAI,- विंडोज Windows बूट प्रबंधक 7 แก้ ยัง ไง
hin,332386,script:CJK,"管理 / नवम्बर 15, 2020"
hin,343244,script:GREEK,सामग्री: सीयू 1100 मोटाई: 0.2 मिमी व्यास: Φ 8 मिमी फ़ीचर: उच्च दक्षता गर्मी संचालन सतह के उपचार: निष्क्रियता गर्मी संचाल
hin,344631,script:CJK,"管理 / सितम्बर 30, 2019"
hin,354566,script:GUJARATI,तेरे जाने के बाद मैंने कितनों को યુ
hin,357733,script:GREEK,"भारत में कोई भी पंजीकृत चिकित्सक तभी गर्भपात कर सकता है, जब भ्रूण 12 हμते से अधिक का न हो, लेकिन इसके लिए ठोस वजह जरूरी "
hin,363333,script:CJK,"ताइवान (चीनी: 台湾 या 台湾, सरलीकृत चीनी: 台湾 ताई वान) अधिक से अधिक 23 लाख लोगों के लिए घर है और दुनिया में सबसे अधिक घनी आबा"
hin,367734,script:MODIFIER,"संत पापा ने कहा, ʺआज पहली बार सशस्त्र संघर्ष क्षेत्रों में हमले से शिक्षा की रक्षा के लिए अंतर्राष्ट्रीय दिवस मनाया जा र"
hin,367737,script:MODIFIER,"मानवीय प्रयासों की स्थितियों में इन सबसे ऊपर, उनकी शिक्षा के लिए सुरक्षित वातावरण की गारंटी देने वाले प्रयास व्यर्थ नहीं"
hin,372121,script:GREEK,एक उपन्यास Heterocyclic Curcumin एनालॉग द्वारा एनएफ– κB सिग्नलिंग पथ का निषेध
hin,372125,script:GREEK,इस अध्ययन में कर्क्यूमिन एनालॉग्स की एक श्रृंखला को एनएफ-κ the के सक्रियण को रोकना उनकी क्षमता के लिए मूल्यांकन किया गया
hin,372126,script:GREEK,हमारे उपन्यास curcumin एनालॉग BAT3 सबसे शक्तिशाली NF-κB अवरोध करनेवाला और EMSA assays होने की पहचान की थी स्पष्ट रूप से 
hin,372127,script:GREEK,"इम्यूनोफ्लोरेसेंस प्रयोगों प्रदर्शन किया है कि BAT3, इसलिए हमारे उपन्यास एनालॉग IKK2 विनियमन और NF-κB-अनुवादन की स्वतंत्"
hin,372128,script:GREEK,"अंतर्जात NF-κB लक्ष्य जीन पर जीन अभिव्यक्ति के अध्ययन से पता चला कि BAT3 काफी IL6, MCP1 और A20 जीन की TNF-निर्भर प्रतिले"
hin,372129,script:GREEK,"अंत में, हम है कि BAT3 समान analogues जो पहले से सूचित किया गया की तुलना में विभिन्न प्रक्रियाओं के माध्यम NF-κB संकेतन "
hin,372130,script:GREEK,पिछली रिपोर्टों से पता चला है कि एनालॉग के कर्क्यूमिन एनएफ-κΒ ट्रांसक्रिप्शनल गतिविधि को एनएफ-κबी के सामान्य सक्रियण और 
hin,372131,script:GREEK,दिलचस्प बात यह है कि हमारे परिणाम बताते हैं कि उपन्यास एनालॉग बीएटी 3 चुनिंदा Ν एफ-κ-पर निर्भर जीन अभिव्यक्ति को रोकता ह
hin,372132,script:GREEK,कुल मिलाकर हम यह दर्शाते हैं कि बीएटी 3 के कर्क्यूमिन एनालॉग ने एनएफ-κबी सिग्नलिंग मार्ग को चुनिंदा रूप से दबाने का वादा
hin,374308,script:CJK,"管理 / नवम्बर 16, 2020"
hin,389167,script:ARABIC,فَاسۡتَجَابَ لَہُمۡ رَبُّہُمۡ اَنِّیۡ لَاۤ اُضِیۡعُ عَمَلَ عَامِلٍ مِّنۡکُمۡ مِّنۡ ذَکَرٍ اَوۡ اُنۡثٰی ۚ بَعۡضُکُمۡ مِّن
hin,389176,script:ARABIC,یٰۤاَیُّہَا الَّذِیۡنَ اٰمَنُوۡۤا اِذَا تَدَایَنۡتُمۡ بِدَیۡنٍ اِلٰۤی اَجَلٍ مُّسَمًّی فَاکۡتُبُوۡہُ… وَ اسۡتَشۡہِدُوۡا 
hin,393036,script:GURMUKHI,"Maharaja Ranjit Singh (Hindi:महाराजा रणजीतसिंह, Punjabi: ਮਹਾਰਾਜਾ ਰਣਜੀਤ ਸਿੰਘ), also called ""Sher-e-Punjab"" (""The Lion of "
hin,396003,script:CYRILLIC,"कोई भी अंग्रेजी, स्पेनिश, पुर्तगाली या फ्रेंच बोलने वाला ग्राहक समर्थित: ऑस्ट्रेलिया, ऑस्ट्रिया, डेनमार्क, फिनलैंड नॉर्व"
hin,397513,script:ARABIC,"इस्लाम (अरबी: الإسلام) एक एकेश्वरवादी धर्म है, जो इसके अनुयायियों के अनुसार, अल्लाह के अंतिम रसूल और नबी, मुहम्मद द्वारा"
hin,402449,script:GREEK,"Στρατός Assault - Παίξτε Funny Games""जेनरेटर उत्पादकों से सीधे खरीदारी करेंगे, और बड़े पैमाने पर उपभोक्ता और वितरक जेनरे"
hin,402453,script:GREEK,"Στρατός Assault - Παίξτε Funny Games""यह गंभीर है क्योंकि बिजली चार्ज करने का तरीका बदल गया है, आज सरकार इसे बिना सब्सिडी"
hin,402460,script:GREEK,"क्लूसेलस ने कहा, ""[जैतून की खेती के लिए मशीनों और खेत को संचालित करने के लिए बहुत अधिक निश्चित और विशेष जनशक्ति की आवश्य"
hin,402464,script:GREEK,"Στρατός Assault - Παίξτε Funny Games""और यह जानते हुए कि अगर हम सिंचाई कम करते हैं, तो हम उत्पादन और गुणवत्ता भी कम करते "
hin,402469,script:GREEK,"Στρατός Assault - Παίξτε Funny Games""हमारे क्षेत्र में किसानों को बनाए रखने के लिए जैतून को उच्च उत्पादन दर के साथ उगाया"
hin,402478,script:GREEK,"Στρατός Assault - Παίξτε Funny Games""मुझे नहीं लगता कि इसे दोहराया जा सकता है."
hin,422915,script:GREEK,- लौरोस स्रोत (Βουλιάστα)।
hin,422978,script:GREEK,"दिन के लिए अंतिम गंतव्य, आकर्षण के मामले में, गांव αλαρρύτες जो एक अद्वितीय गुणवत्ता वाले सिल्वरस्मिथिंग सेंटर और सिल्वर"
hin,423029,script:GREEK,"मोड़ शुरू होने से पहले, पर रुकें अरिस्टी ब्रिज जिसके माध्यम से μάτης."
hin,453031,script:GUJARATI,"ત્રીપલ એક્સ સેક્સીहम भी फोन के लिए मुक्त अश्लील फिल्मों का एक उत्कृष्ट वयस्क श्रेणी का संग्रह, कंप्यूटर से अपने पसंदीदा "
hin,453035,script:TAMIL,தெலுங்கு பிஎஃப் - मारवाड़ी सेक्सी वीडियो फोटो
hin,453059,script:TAMIL,தமிழ் ரொமான்டிக் செஸ் வீடியோ नियाशर्माइसवीडियोमेंअलगस्टाइलमेंडांसकरतीहुईदिखरहीहैं।नियाशर्माकालेरंगकेशॉर्ट्समेंनजरआरहीहैं
hin,466414,script:GREEK,"बामर श्रेणी की H γ रेखा को उत्सर्जित कर सकने हेतु, हाइड्रोजन परमाणु को निम्नतम अवस्था में दी जाने वाली न्यूनतम ऊर्जा कित"
hin,466415,script:GREEK,"यदि निकाय का कोणीय संवेग संरक्षित रहता हो, तो इस H γ फोटॉन का कोणीय.."
hin,466417,script:GREEK,"हल बामर श्रेणी की H γ रेखा उत्सर्जन के लिए संक्रमण n = 5 से n = 2 स्तर में होगा, अतः हाइड्रोजन परमाणु में इलेक्ट्रॉन को "
hin,470696,script:GURMUKHI,गुरमुखी में लिखा जाए तो ਭਰਾ ਜੀ.
hin,502039,script:CJK,दिनांक: 2019 年 7 月 8-10 日
